
===== fmt --check =====
FMT_RC=0

===== doc (-D warnings) =====
    Checking ferrosa-jsonb v0.22.0 (/Users/bkearns/src/ferrosa-suite/ferrosa/.wt-final/ferrosa-jsonb)
    Checking tokio v1.52.2
    Checking tracing-subscriber v0.3.23
   Compiling ferrosa-net v0.22.0 (/Users/bkearns/src/ferrosa-suite/ferrosa/.wt-final/ferrosa-net)
   Compiling ferrosa v0.22.0 (/Users/bkearns/src/ferrosa-suite/ferrosa/.wt-final/ferrosa)
 Documenting xtask v0.17.0 (/Users/bkearns/src/ferrosa-suite/ferrosa/.wt-final/xtask)
 Documenting ferrosa-jsonb v0.22.0 (/Users/bkearns/src/ferrosa-suite/ferrosa/.wt-final/ferrosa-jsonb)
    Checking loom v0.7.2
    Checking tracing-appender v0.2.5
    Checking sentry-tracing v0.49.2
    Checking ferrosa-common v0.22.0 (/Users/bkearns/src/ferrosa-suite/ferrosa/.wt-final/ferrosa-common)
    Checking tokio-util v0.7.18
    Checking tower v0.5.3
    Checking tokio-rustls v0.26.4
    Checking ferrosa-sched v0.22.0 (/Users/bkearns/src/ferrosa-suite/ferrosa/.wt-final/ferrosa-sched)
    Checking openraft v0.9.25+ferrosadb.1 (https://github.com/ferrosadb/openraft.git?rev=ecb9efa3#ecb9efa3)
    Checking tokio-stream v0.1.18
    Checking tokio-tungstenite v0.29.0
    Checking fs-err v3.3.0
    Checking russh-util v0.52.0
    Checking scylla-cql v1.6.0
 Documenting ferrosa-sched v0.22.0 (/Users/bkearns/src/ferrosa-suite/ferrosa/.wt-final/ferrosa-sched)
 Documenting ferrosa-common v0.22.0 (/Users/bkearns/src/ferrosa-suite/ferrosa/.wt-final/ferrosa-common)
    Checking russh v0.60.2
    Checking opentelemetry_sdk v0.29.0
    Checking tower-http v0.6.9
    Checking axum v0.7.9
    Checking h2 v0.4.14
    Checking tower v0.4.13
    Checking ferrosa-sstable v0.22.0 (/Users/bkearns/src/ferrosa-suite/ferrosa/.wt-final/ferrosa-sstable)
    Checking ferrosa-index v0.22.0 (/Users/bkearns/src/ferrosa-suite/ferrosa/.wt-final/ferrosa-index)
    Checking ferrosa-udf v0.22.0 (/Users/bkearns/src/ferrosa-suite/ferrosa/.wt-final/ferrosa-udf)
 Documenting ferrosa-sstable v0.22.0 (/Users/bkearns/src/ferrosa-suite/ferrosa/.wt-final/ferrosa-sstable)
    Checking ferrosa-sim v0.22.0 (/Users/bkearns/src/ferrosa-suite/ferrosa/.wt-final/ferrosa-sim)
 Documenting ferrosa-udf v0.22.0 (/Users/bkearns/src/ferrosa-suite/ferrosa/.wt-final/ferrosa-udf)
 Documenting ferrosa-sim v0.22.0 (/Users/bkearns/src/ferrosa-suite/ferrosa/.wt-final/ferrosa-sim)
 Documenting ferrosa-net v0.22.0 (/Users/bkearns/src/ferrosa-suite/ferrosa/.wt-final/ferrosa-net)
 Documenting ferrosa-index v0.22.0 (/Users/bkearns/src/ferrosa-suite/ferrosa/.wt-final/ferrosa-index)
    Checking tracing-opentelemetry v0.30.0
    Checking scylla v1.6.0
    Checking ferrosa-schema v0.22.0 (/Users/bkearns/src/ferrosa-suite/ferrosa/.wt-final/ferrosa-schema)
    Checking ferrosa-cdc v0.22.0 (/Users/bkearns/src/ferrosa-suite/ferrosa/.wt-final/ferrosa-cdc)
 Documenting ferrosa-cdc v0.22.0 (/Users/bkearns/src/ferrosa-suite/ferrosa/.wt-final/ferrosa-cdc)
 Documenting ferrosa-schema v0.22.0 (/Users/bkearns/src/ferrosa-suite/ferrosa/.wt-final/ferrosa-schema)
 Documenting ferrosa-worker v0.22.0 (/Users/bkearns/src/ferrosa-suite/ferrosa/.wt-final/ferrosa-worker)
    Checking hyper v1.9.0
    Checking hyper-util v0.1.20
    Checking ferrosa-row-bridge v0.22.0 (/Users/bkearns/src/ferrosa-suite/ferrosa/.wt-final/ferrosa-row-bridge)
 Documenting ferrosa-view v0.22.0 (/Users/bkearns/src/ferrosa-suite/ferrosa/.wt-final/ferrosa-view)
 Documenting ferrosa-row-bridge v0.22.0 (/Users/bkearns/src/ferrosa-suite/ferrosa/.wt-final/ferrosa-row-bridge)
    Checking hyper-rustls v0.27.9
    Checking hyper-timeout v0.5.2
    Checking axum v0.8.9
    Checking axum-server v0.8.0
    Checking tonic v0.12.3
    Checking reqwest v0.12.28
    Checking reqwest v0.13.4
    Checking sentry v0.49.2
    Checking object_store v0.11.2
    Checking opentelemetry-http v0.29.0
    Checking arrow-flight v53.4.1
    Checking opentelemetry-proto v0.29.0
 Documenting ferrosa-jepsen v0.22.0 (/Users/bkearns/src/ferrosa-suite/ferrosa/.wt-final/ferrosa-jepsen)
    Checking opentelemetry-otlp v0.29.0
    Checking ferrosa-storage v0.22.0 (/Users/bkearns/src/ferrosa-suite/ferrosa/.wt-final/ferrosa-storage)
 Documenting ferrosa-storage v0.22.0 (/Users/bkearns/src/ferrosa-suite/ferrosa/.wt-final/ferrosa-storage)
    Checking ferrosa-cluster v0.22.0 (/Users/bkearns/src/ferrosa-suite/ferrosa/.wt-final/ferrosa-cluster)
    Checking ferrosa-sql v0.22.0 (/Users/bkearns/src/ferrosa-suite/ferrosa/.wt-final/ferrosa-sql)
 Documenting ferrosa-sql v0.22.0 (/Users/bkearns/src/ferrosa-suite/ferrosa/.wt-final/ferrosa-sql)
 Documenting ferrosa-index-builder v0.22.0 (/Users/bkearns/src/ferrosa-suite/ferrosa/.wt-final/ferrosa-index-builder)
 Documenting ferrosa-cluster v0.22.0 (/Users/bkearns/src/ferrosa-suite/ferrosa/.wt-final/ferrosa-cluster)
    Checking ferrosa-session v0.22.0 (/Users/bkearns/src/ferrosa-suite/ferrosa/.wt-final/ferrosa-session)
    Checking ferrosa-sparql v0.22.0 (/Users/bkearns/src/ferrosa-suite/ferrosa/.wt-final/ferrosa-sparql)
    Checking ferrosa-graph v0.22.0 (/Users/bkearns/src/ferrosa-suite/ferrosa/.wt-final/ferrosa-graph)
    Checking ferrosa-postgres v0.22.0 (/Users/bkearns/src/ferrosa-suite/ferrosa/.wt-final/ferrosa-postgres)
 Documenting ferrosa-sparql v0.22.0 (/Users/bkearns/src/ferrosa-suite/ferrosa/.wt-final/ferrosa-sparql)
 Documenting ferrosa-graph v0.22.0 (/Users/bkearns/src/ferrosa-suite/ferrosa/.wt-final/ferrosa-graph)
 Documenting ferrosa-postgres v0.22.0 (/Users/bkearns/src/ferrosa-suite/ferrosa/.wt-final/ferrosa-postgres)
 Documenting ferrosa-session v0.22.0 (/Users/bkearns/src/ferrosa-suite/ferrosa/.wt-final/ferrosa-session)
    Checking ferrosa-cql v0.22.0 (/Users/bkearns/src/ferrosa-suite/ferrosa/.wt-final/ferrosa-cql)
 Documenting ferrosa-cql v0.22.0 (/Users/bkearns/src/ferrosa-suite/ferrosa/.wt-final/ferrosa-cql)
    Checking ferrosa-flight v0.22.0 (/Users/bkearns/src/ferrosa-suite/ferrosa/.wt-final/ferrosa-flight)
 Documenting ferrosa-ctl v0.22.0 (/Users/bkearns/src/ferrosa-suite/ferrosa/.wt-final/ferrosa-ctl)
 Documenting ferrosa-loadgen v0.22.0 (/Users/bkearns/src/ferrosa-suite/ferrosa/.wt-final/ferrosa-loadgen)
 Documenting ferrosa-flight v0.22.0 (/Users/bkearns/src/ferrosa-suite/ferrosa/.wt-final/ferrosa-flight)
 Documenting ferrosa v0.22.0 (/Users/bkearns/src/ferrosa-suite/ferrosa/.wt-final/ferrosa)
    Finished `dev` profile [unoptimized + debuginfo] target(s) in 32.65s
   Generated /Users/bkearns/src/ferrosa-suite/ferrosa/.wt-final/target/doc/ferrosa/index.html and 29 other files
DOC_RC=0

===== p0-oom-audit --enforce =====
error: no such command: `xtask`

help: a command with a similar name exists: `test`

help: view all installed commands with `cargo --list`
help: find a package to install `xtask` with `cargo search cargo-xtask`
OOM_RC=101

===== tests: whole workspace, ALL targets (lib + integration + doctests) =====
   Compiling unicode-ident v1.0.24
   Compiling cfg-if v1.0.4
   Compiling rand_core v0.10.1
   Compiling bytes v1.11.1
   Compiling subtle v2.6.1
   Compiling typenum v1.20.0
   Compiling once_cell v1.21.4
   Compiling log v0.4.29
   Compiling proc-macro2 v1.0.106
   Compiling libc v0.2.186
   Compiling serde_core v1.0.228
   Compiling libm v0.2.16
   Compiling bitflags v2.11.1
   Compiling pin-project-lite v0.2.17
   Compiling memchr v2.8.0
   Compiling fnv v1.0.7
   Compiling scopeguard v1.2.0
   Compiling equivalent v1.0.2
   Compiling itoa v1.0.18
   Compiling regex-syntax v0.8.10
   Compiling zeroize v1.8.2
   Compiling lock_api v0.4.14
   Compiling tracing-core v0.1.36
   Compiling fastrand v2.4.1
   Compiling quick-error v1.2.3
   Compiling bit-vec v0.8.0
   Compiling sha1_smol v1.0.1
   Compiling crossbeam-utils v0.8.21
   Compiling unarray v0.1.4
   Compiling const-oid v0.9.6
   Compiling allocator-api2 v0.2.21
   Compiling foldhash v0.2.0
   Compiling zmij v1.0.21
   Compiling quote v1.0.45
   Compiling bit-set v0.8.0
   Compiling crc32fast v1.5.0
   Compiling cmov v0.5.3
   Compiling either v1.15.0
   Compiling foldhash v0.1.5
   Compiling syn v2.0.117
   Compiling twox-hash v2.1.2
   Compiling hashbrown v0.17.0
   Compiling crossbeam-channel v0.5.15
   Compiling ctutils v0.4.2
   Compiling hashbrown v0.15.5
   Compiling futures-core v0.3.32
   Compiling base64 v0.22.1
   Compiling futures-sink v0.3.32
   Compiling futures-task v0.3.32
   Compiling slab v0.4.12
   Compiling generic-array v0.14.7
   Compiling futures-io v0.3.32
   Compiling getrandom v0.4.2
   Compiling errno v0.3.14
   Compiling getrandom v0.3.4
   Compiling num-traits v0.2.19
   Compiling mio v1.2.0
   Compiling socket2 v0.6.3
   Compiling wait-timeout v0.2.1
   Compiling cpufeatures v0.2.17
   Compiling hybrid-array v0.4.11
   Compiling signal-hook-registry v1.4.8
   Compiling rand_core v0.9.5
   Compiling rustix v1.1.4
   Compiling futures-channel v0.3.32
   Compiling getrandom v0.2.17
   Compiling const-oid v0.10.2
   Compiling rand_xorshift v0.4.0
   Compiling zstd-sys v2.0.16+zstd.1.5.7
   Compiling crossbeam-epoch v0.9.18
   Compiling base64ct v1.8.3
   Compiling chacha20 v0.10.0
   Compiling crypto-common v0.1.7
   Compiling block-buffer v0.10.4
   Compiling lru v0.12.5
   Compiling zstd-safe v7.2.4
   Compiling memmap2 v0.9.10
   Compiling lz4_flex v0.14.0
   Compiling core-foundation-sys v0.8.7
   Compiling digest v0.10.7
   Compiling block-padding v0.3.3
   Compiling byteorder v1.5.0
   Compiling num-integer v0.1.46
   Compiling zstd v0.13.3
   Compiling crossbeam-deque v0.8.6
   Compiling rand v0.10.1
   Compiling inout v0.1.4
   Compiling rand_core v0.6.4
   Compiling heck v0.5.0
   Compiling stable_deref_trait v1.2.1
   Compiling sha2 v0.10.9
   Compiling hmac v0.12.1
   Compiling arc-swap v1.9.1
   Compiling http v1.4.0
   Compiling cipher v0.4.4
   Compiling rayon-core v1.13.0
   Compiling rustls-pki-types v1.14.1
   Compiling percent-encoding v2.3.2
   Compiling aho-corasick v1.1.4
   Compiling untrusted v0.9.0
   Compiling aws-lc-sys v0.40.0
   Compiling untrusted v0.7.1
   Compiling crypto-common v0.2.1
   Compiling block-buffer v0.12.0
   Compiling spin v0.9.8
   Compiling ring v0.17.14
   Compiling iana-time-zone v0.1.65
   Compiling httparse v1.10.1
   Compiling blowfish v0.9.1
   Compiling uuid v1.23.1
   Compiling serde_json v1.0.149
   Compiling indexmap v2.14.0
   Compiling rayon v1.12.0
   Compiling lazy_static v1.5.0
   Compiling writeable v0.6.3
   Compiling litemap v0.8.2
   Compiling pbkdf2 v0.12.2
   Compiling tower-service v0.3.3
   Compiling utf8_iter v1.0.4
   Compiling tempfile v3.27.0
   Compiling aws-lc-rs v1.16.3
   Compiling http-body v1.0.1
   Compiling icu_properties_data v2.2.0
   Compiling icu_normalizer_data v2.2.0
   Compiling form_urlencoded v1.2.2
   Compiling ryu v1.0.23
   Compiling sharded-slab v0.1.7
   Compiling tracing-log v0.2.0
   Compiling rusty-fork v0.3.1
   Compiling thread_local v1.1.9
   Compiling digest v0.11.3
   Compiling tower-layer v0.3.3
   Compiling regex-automata v0.4.14
   Compiling try-lock v0.2.5
   Compiling nu-ansi-term v0.50.3
   Compiling atomic-waker v1.1.2
   Compiling sync_wrapper v1.0.2
   Compiling httpdate v1.0.3
   Compiling http-body-util v0.1.3
   Compiling ipnet v2.12.0
   Compiling want v0.3.1
   Compiling hashbrown v0.14.5
   Compiling adler2 v2.0.1
   Compiling hex v0.4.3
   Compiling simd-adler32 v0.3.9
   Compiling core-foundation v0.10.1
   Compiling security-framework-sys v2.17.0
   Compiling webpki-roots v1.0.7
   Compiling phc v0.6.1
   Compiling blake2 v0.11.0-rc.6
   Compiling bcrypt v0.19.0
   Compiling miniz_oxide v0.8.9
   Compiling same-file v1.0.6
   Compiling itertools v0.13.0
   Compiling ureq-proto v0.6.0
   Compiling md-5 v0.10.6
   Compiling walkdir v2.5.0
   Compiling password-hash v0.6.1
   Compiling security-framework v3.7.0
   Compiling fs2 v0.4.3
   Compiling rustls-webpki v0.103.13
   Compiling utf8-zero v0.8.1
   Compiling flate2 v1.1.9
   Compiling argon2 v0.6.0-rc.8
   Compiling humantime v2.3.0
   Compiling crossbeam-skiplist v0.1.3
   Compiling strsim v0.11.1
   Compiling snap v1.1.1
   Compiling synstructure v0.13.2
   Compiling lz4_flex v0.11.6
   Compiling utf8parse v0.2.2
   Compiling is_terminal_polyfill v1.70.2
   Compiling rustls v0.23.40
   Compiling anstyle-parse v1.0.0
   Compiling anstyle v1.0.14
   Compiling colorchoice v1.0.5
   Compiling anstyle-query v1.1.5
   Compiling clap_lex v1.1.0
   Compiling capnp v0.25.4
   Compiling rustls-pemfile v2.2.0
   Compiling arrayvec v0.7.6
   Compiling instant v0.1.13
   Compiling chrono v0.4.39
   Compiling anstream v1.0.0
   Compiling utf8-width v0.1.8
   Compiling fxhash v0.2.1
   Compiling maplit v1.0.2
   Compiling sdd v3.0.10
   Compiling anyhow v1.0.102
   Compiling siphasher v1.0.3
   Compiling rustls-native-certs v0.8.3
   Compiling rust_decimal v1.41.0
   Compiling powerfmt v0.2.0
   Compiling time-core v0.1.8
   Compiling num-conv v0.2.1
   Compiling clap_builder v4.6.0
   Compiling phf_shared v0.13.1
   Compiling scc v2.4.0
   Compiling deranged v0.5.8
   Compiling md-5 v0.11.0
   Compiling hashbrown v0.16.1
   Compiling pem v3.0.6
   Compiling dirs-sys-next v0.1.2
   Compiling phf_generator v0.13.1
   Compiling itertools v0.14.0
   Compiling cpufeatures v0.3.0
   Compiling byte-unit v5.2.0
   Compiling leb128fmt v0.1.0
   Compiling semver v1.0.28
   Compiling bumpalo v3.20.2
   Compiling rustc-demangle v0.1.27
   Compiling target-lexicon v0.13.5
   Compiling cranelift-codegen-shared v0.131.1
   Compiling rustc-hash v2.1.2
   Compiling wasmtime-internal-core v44.0.1
   Compiling gimli v0.33.0
   Compiling winnow v0.7.15
   Compiling object v0.39.1
   Compiling hmac v0.13.0
   Compiling wasmtime-internal-component-util v44.0.1
   Compiling unicode-width v0.2.0
   Compiling termcolor v1.4.1
   Compiling arbitrary v1.4.2
   Compiling cranelift-assembler-x64 v0.131.1
   Compiling serde_derive v1.0.228
   Compiling zerocopy-derive v0.8.48
   Compiling thiserror-impl v2.0.18
   Compiling tokio-macros v2.7.0
   Compiling tracing-attributes v0.1.31
   Compiling futures-macro v0.3.32
   Compiling zerofrom-derive v0.1.7
   Compiling yoke-derive v0.8.2
   Compiling zerovec-derive v0.11.3
   Compiling async-trait v0.1.89
   Compiling displaydoc v0.2.5
   Compiling futures-util v0.3.32
   Compiling thiserror v2.0.18
   Compiling tracing v0.1.44
   Compiling matchers v0.2.0
   Compiling zerocopy v0.8.48
   Compiling zerofrom v0.1.7
   Compiling snafu-derive v0.8.9
   Compiling clap_derive v4.6.1
   Compiling capnpc v0.25.3
   Compiling pin-project-internal v1.1.12
   Compiling thiserror-impl v1.0.69
   Compiling derive_more-impl v1.0.0
   Compiling openraft-macros v0.9.25+ferrosadb.1 (https://github.com/ferrosadb/openraft.git?rev=ecb9efa3#ecb9efa3)
   Compiling serial_test_derive v3.4.0
   Compiling phf_macros v0.13.1
   Compiling pin-project v1.1.12
   Compiling yoke v0.8.2
   Compiling thiserror v1.0.69
   Compiling serde v1.0.228
   Compiling ferrosa-net v0.22.0 (/Users/bkearns/src/ferrosa-suite/ferrosa/.wt-final/ferrosa-net)
   Compiling time v0.3.47
   Compiling clap v4.6.1
   Compiling snafu v0.8.9
   Compiling phf v0.13.1
   Compiling pulley-macros v44.0.1
   Compiling cranelift-bitset v0.131.1
   Compiling tracing-futures v0.2.5
   Compiling wasmtime-internal-versioned-export-macros v44.0.1
   Compiling cobs v0.3.0
   Compiling pulley-interpreter v44.0.1
   Compiling cranelift-control v0.131.1
   Compiling futures-executor v0.3.32
   Compiling cpp_demangle v0.4.5
   Compiling derive_more v1.0.0
   Compiling zerovec v0.11.6
   Compiling futures v0.3.32
   Compiling zerotrie v0.2.4
   Compiling yasna v0.5.2
   Compiling smallvec v1.15.1
   Compiling num-bigint v0.4.6
   Compiling tracing-serde v0.2.0
   Compiling parking_lot_core v0.9.12
   Compiling bincode v1.3.3
   Compiling tracing-subscriber v0.3.23
   Compiling serde_urlencoded v0.7.1
   Compiling parking_lot v0.12.5
   Compiling dashmap v6.1.0
   Compiling quick-xml v0.37.5
   Compiling ureq v3.3.0
   Compiling parking_lot_core v0.8.6
   Compiling tokio v1.52.2
   Compiling anyerror v0.1.13
   Compiling parking_lot v0.11.2
   Compiling serial_test v3.4.0
   Compiling ferrosa-jsonb v0.22.0 (/Users/bkearns/src/ferrosa-suite/ferrosa/.wt-final/ferrosa-jsonb)
   Compiling validit v0.2.5
   Compiling sled v0.34.7
   Compiling rcgen v0.14.7
   Compiling ppv-lite86 v0.2.21
   Compiling cranelift-entity v0.131.1
   Compiling wasmparser v0.246.2
   Compiling debugid v0.8.0
   Compiling cranelift-codegen-meta v0.131.1
   Compiling rand_chacha v0.9.0
   Compiling rand_chacha v0.3.1
   Compiling cranelift-bforest v0.131.1
   Compiling rand v0.9.4
   Compiling rand v0.8.6
   Compiling ahash v0.8.12
   Compiling regalloc2 v0.15.1
   Compiling postcard v1.1.3
   Compiling wasm-encoder v0.248.0
   Compiling sha2 v0.11.0
   Compiling proptest v1.11.0
   Compiling winnow v1.0.2
   Compiling tinystr v0.8.3
   Compiling potential_utf v0.1.5
   Compiling toml_parser v1.1.2+spec-1.1.0
   Compiling icu_locale_core v2.2.0
   Compiling icu_collections v2.2.0
   Compiling wit-parser v0.246.2
   Compiling wasmtime-internal-fiber v44.0.1
   Compiling wasmtime-internal-jit-debug v44.0.1
   Compiling wast v248.0.0
   Compiling toml_datetime v0.7.5+spec-1.1.0
   Compiling serde_spanned v1.1.1
   Compiling toml_writer v1.1.1+spec-1.1.0
   Compiling fixedbitset v0.4.2
   Compiling wasmtime v44.0.1
   Compiling directories-next v2.0.0
   Compiling fxprof-processed-profile v0.8.1
   Compiling icu_provider v2.2.0
   Compiling petgraph v0.6.5
   Compiling toml v0.9.12+spec-1.1.0
   Compiling icu_normalizer v2.2.0
   Compiling icu_properties v2.2.0
   Compiling wasmtime-internal-jit-icache-coherence v44.0.1
   Compiling addr2line v0.26.1
   Compiling mach2 v0.4.3
   Compiling cranelift-codegen v0.131.1
   Compiling encoding_rs v0.8.35
   Compiling slotmap v1.1.1
   Compiling sha1 v0.10.6
   Compiling data-encoding v2.11.0
   Compiling portable-atomic v1.13.1
   Compiling idna_adapter v1.2.2
   Compiling idna v1.1.0
   Compiling tagptr v0.2.0
   Compiling mime v0.3.17
   Compiling num-iter v0.1.45
   Compiling moka v0.12.15
   Compiling wasmtime-internal-wit-bindgen v44.0.1
   Compiling tinyvec_macros v0.1.1
   Compiling url v2.5.8
   Compiling tinyvec v1.11.0
   Compiling half v2.7.1
   Compiling unicode-properties v0.1.4
   Compiling unicode-bidi v0.3.18
   Compiling objc2-core-foundation v0.3.2
   Compiling unicode-normalization v0.1.25
   Compiling fallible-iterator v0.2.0
   Compiling regex v1.12.3
   Compiling block-padding v0.4.2
   Compiling cpubits v0.1.1
   Compiling pem-rfc7468 v1.0.0
   Compiling stringprep v0.1.5
   Compiling objc2-system-configuration v0.3.2
   Compiling inout v0.2.2
   Compiling ordered-float v4.6.0
   Compiling der v0.8.0
   Compiling whoami v2.1.2
   Compiling postgres-protocol v0.6.12
   Compiling cipher v0.5.1
   Compiling universal-hash v0.6.1
   Compiling tungstenite v0.29.0
   Compiling aead v0.6.0-rc.10
   Compiling polyval v0.7.1
   Compiling aes v0.9.0
   Compiling ctr v0.10.0
   Compiling salsa20 v0.11.0
   Compiling axum-core v0.5.6
   Compiling postgres-types v0.2.14
   Compiling ghash v0.6.0
   Compiling pbkdf2 v0.13.0
   Compiling serde_path_to_error v0.1.20
   Compiling socket2 v0.5.10
   Compiling matchit v0.8.4
   Compiling scrypt v0.12.0
   Compiling cbc v0.2.0
   Compiling wasm-encoder v0.246.2
   Compiling wasmprinter v0.246.2
   Compiling ferrosa-common v0.22.0 (/Users/bkearns/src/ferrosa-suite/ferrosa/.wt-final/ferrosa-common)
   Compiling tokio-util v0.7.18
   Compiling tokio-rustls v0.26.4
   Compiling tower v0.5.3
   Compiling ferrosa-sched v0.22.0 (/Users/bkearns/src/ferrosa-suite/ferrosa/.wt-final/ferrosa-sched)
   Compiling openraft v0.9.25+ferrosadb.1 (https://github.com/ferrosadb/openraft.git?rev=ecb9efa3#ecb9efa3)
   Compiling tokio-tungstenite v0.29.0
   Compiling spki v0.8.0-rc.4
   Compiling aes-gcm v0.11.0-rc.3
   Compiling tower-http v0.6.9
   Compiling async-stream-impl v0.3.6
   Compiling pkcs5 v0.8.0-rc.13
   Compiling wasmtime-internal-component-macro v44.0.1
   Compiling tokio-stream v0.1.18
   Compiling h2 v0.4.14
   Compiling ferrosa-sstable v0.22.0 (/Users/bkearns/src/ferrosa-suite/ferrosa/.wt-final/ferrosa-sstable)
   Compiling ferrosa-index v0.22.0 (/Users/bkearns/src/ferrosa-suite/ferrosa/.wt-final/ferrosa-index)
   Compiling wat v1.248.0
   Compiling tokio-postgres v0.7.18
   Compiling async-stream v0.3.6
   Compiling wasmtime-environ v44.0.1
   Compiling wasm-compose v0.246.2
   Compiling pkcs8 v0.11.0-rc.11
   Compiling crypto-bigint v0.7.0-rc.28
   Compiling fs-err v3.3.0
   Compiling rustcrypto-ff v0.14.0-rc.1
   Compiling num-rational v0.4.2
   Compiling signature v3.0.0
   Compiling num-complex v0.4.6
   Compiling base16ct v1.0.0
   Compiling sec1 v0.8.1
   Compiling rustcrypto-group v0.14.0-rc.1
   Compiling num v0.4.3
   Compiling hkdf v0.13.0
   Compiling arrow-buffer v53.4.1
   Compiling universal-hash v0.5.1
   Compiling opaque-debug v0.3.1
   Compiling arrow-schema v53.4.1
   Compiling rfc6979 v0.5.0-rc.5
   Compiling polyval v0.6.2
   Compiling darling_core v0.20.11
   Compiling pem-rfc7468 v0.7.0
   Compiling lexical-util v1.0.7
   Compiling arrow-data v53.4.1
   Compiling ferrosa-schema v0.22.0 (/Users/bkearns/src/ferrosa-suite/ferrosa/.wt-final/ferrosa-schema)
   Compiling ferrosa-cdc v0.22.0 (/Users/bkearns/src/ferrosa-suite/ferrosa/.wt-final/ferrosa-cdc)
   Compiling ssh-encoding v0.2.0
   Compiling ghash v0.5.1
   Compiling ctr v0.9.2
   Compiling arrow-array v53.4.1
   Compiling aes v0.8.4
   Compiling hyper v1.9.0
   Compiling aead v0.5.2
   Compiling elliptic-curve v0.14.0-rc.28
   Compiling primefield v0.14.0-rc.7
   Compiling unsafe-libyaml v0.2.11
   Compiling ecdsa v0.17.0-rc.16
   Compiling primeorder v0.14.0-rc.7
   Compiling aes-gcm v0.10.3
   Compiling crypto-primes v0.7.0-pre.9
   Compiling curve25519-dalek v5.0.0-pre.6
   Compiling darling_macro v0.20.11
   Compiling poly1305 v0.8.0
   Compiling serde_yaml v0.9.34+deprecated
   Compiling ed25519 v3.0.0-rc.4
   Compiling pkcs1 v0.8.0-rc.4
   Compiling darling v0.20.11
   Compiling keccak v0.2.0
   Compiling hyper-util v0.1.20
   Compiling cbc v0.1.2
   Compiling chacha20 v0.9.1
   Compiling password-hash v0.5.0
   Compiling blake2 v0.10.6
   Compiling fiat-crypto v0.3.0
   Compiling ed25519-dalek v3.0.0-pre.6
   Compiling ferrosa-row-bridge v0.22.0 (/Users/bkearns/src/ferrosa-suite/ferrosa/.wt-final/ferrosa-row-bridge)
   Compiling arrow-select v53.4.1
   Compiling argon2 v0.5.3
   Compiling scylla-macros v1.6.0
   Compiling ssh-cipher v0.2.0
   Compiling rsa v0.10.0-rc.16
   Compiling sha3 v0.11.0
   Compiling p521 v0.14.0-rc.7
   Compiling p256 v0.14.0-rc.7
   Compiling nix v0.31.2
   Compiling hyper-rustls v0.27.9
   Compiling axum v0.8.9
   Compiling reqwest v0.12.28
   Compiling axum-server v0.8.0
   Compiling num-bigint-dig v0.8.6
   Compiling lexical-parse-integer v1.0.6
   Compiling lexical-write-integer v1.0.6
   Compiling ferrosa-sim v0.22.0 (/Users/bkearns/src/ferrosa-suite/ferrosa/.wt-final/ferrosa-sim)
   Compiling sha1 v0.11.0
   Compiling kem v0.3.0
   Compiling bcrypt-pbkdf v0.10.0
   Compiling module-lattice v0.2.2
   Compiling oxiri v0.2.11
   Compiling oxilangtag v0.1.5
   Compiling peg-macros v0.8.6
   Compiling lexical-write-float v1.0.6
   Compiling ml-kem v0.3.0-rc.1
   Compiling oxrdf v0.3.3
   Compiling scylla-cql v1.6.0
   Compiling lexical-parse-float v1.0.6
   Compiling russh-cryptovec v0.59.0
   Compiling russh-util v0.52.0
   Compiling darling_core v0.23.0
   Compiling delegate v0.13.5
   Compiling object_store v0.11.2
   Compiling enum_dispatch v0.3.13
   Compiling internal-russh-num-bigint v0.5.0
   Compiling generic-array v1.4.1
   Compiling rand_pcg v0.9.0
   Compiling wasmtime-internal-cache v44.0.1
   Compiling ciborium-io v0.2.2
   Compiling md5 v0.7.0
   Compiling hex-literal v1.1.0
   Compiling peg-runtime v0.8.6
   Compiling plotters-backend v0.3.7
   Compiling ciborium-ll v0.2.2
   Compiling plotters-svg v0.3.7
   Compiling peg v0.8.6
   Compiling lexical-core v1.0.6
   Compiling signal-hook v0.3.18
   Compiling dirs-next v2.0.0
   Compiling atoi v2.0.0
   Compiling itertools v0.10.5
   Compiling json-event-parser v0.2.3
   Compiling constant_time_eq v0.4.2
   Compiling arrayref v0.3.9
   Compiling cast v0.3.0
   Compiling sparesults v0.3.3
   Compiling blake3 v1.8.5
   Compiling spargebra v0.4.6
   Compiling signal-hook-mio v0.2.5
   Compiling arrow-cast v53.4.1
   Compiling darling_macro v0.23.0
   Compiling plotters v0.3.7
   Compiling rustix v0.38.44
   Compiling ciborium v0.2.2
   Compiling p384 v0.14.0-rc.7
   Compiling darling v0.23.0
   Compiling tinytemplate v1.2.1
   Compiling scylla v1.6.0
   Compiling criterion-plot v0.5.0
   Compiling strum_macros v0.26.4
   Compiling castaway v0.2.4
   Compiling is-terminal v0.4.17
   Compiling unicode-width v0.1.14
   Compiling unicode-segmentation v1.13.2
   Compiling static_assertions v1.1.0
   Compiling oorandom v11.1.5
   Compiling anes v0.1.6
   Compiling compact_str v0.8.1
   Compiling instability v0.3.12
   Compiling crossterm v0.28.1
   Compiling bitflags v1.3.2
   Compiling prost-derive v0.13.5
   Compiling unicode-truncate v1.1.0
   Compiling criterion v0.5.1
   Compiling hashbrown v0.12.3
   Compiling cassowary v0.3.0
   Compiling flatbuffers v24.12.23
   Compiling axum-core v0.4.5
   Compiling csv-core v0.1.13
   Compiling indexmap v1.9.3
   Compiling matchit v0.7.3
   Compiling csv v1.4.0
   Compiling tower v0.4.13
   Compiling arrow-ipc v53.4.1
   Compiling hyper-timeout v0.5.2
   Compiling arrow-json v53.4.1
   Compiling strum v0.26.3
   Compiling arrow-csv v53.4.1
   Compiling arrow-ord v53.4.1
   Compiling arrow-string v53.4.1
   Compiling prost v0.13.5
   Compiling ratatui v0.29.0
   Compiling arrow-row v53.4.1
   Compiling axum v0.7.9
   Compiling prost-types v0.13.5
   Compiling arrow-arith v53.4.1
   Compiling sentry-types v0.49.2
   Compiling internal-russh-forked-ssh-key v0.6.18+upstream-0.6.7
   Compiling toml_datetime v0.6.11
   Compiling serde_spanned v0.6.9
   Compiling toml_write v0.1.2
   Compiling gimli v0.32.3
   Compiling arrow v53.4.1
   Compiling toml_edit v0.22.27
   Compiling object v0.37.3
   Compiling tikv-jemalloc-sys v0.7.1+5.3.1-0-g81034ce1f1373e37dc865038e1bc8eeecf559ce8
   Compiling ferrosa-storage v0.22.0 (/Users/bkearns/src/ferrosa-suite/ferrosa/.wt-final/ferrosa-storage)
   Compiling minimal-lexical v0.2.1
   Compiling wasmtime-internal-unwinder v44.0.1
   Compiling cranelift-native v0.131.1
   Compiling cranelift-frontend v0.131.1
   Compiling nom v7.1.3
   Compiling wasmtime-internal-cranelift v44.0.1
   Compiling russh v0.60.2
   Compiling tonic v0.12.3
   Compiling sentry-core v0.49.2
   Compiling addr2line v0.25.1
   Compiling toml v0.8.23
   Compiling base64 v0.21.7
   Compiling backtrace v0.3.76
   Compiling hdrhistogram v7.5.4
   Compiling rust-embed-utils v8.11.0
   Compiling rcgen v0.13.2
   Compiling rustls-platform-verifier v0.7.0
   Compiling uname v0.1.1
   Compiling sentry-backtrace v0.49.2
   Compiling hostname v0.4.2
   Compiling bytecount v0.6.9
   Compiling bytemuck v1.25.0
   Compiling papergrid v0.17.0
   Compiling sentry-contexts v0.49.2
   Compiling rgb v0.8.53
   Compiling sentry-panic v0.49.2
   Compiling reqwest v0.13.4
   Compiling arrow-flight v53.4.1
   Compiling rust-embed-impl v8.11.0
   Compiling num-format v0.4.4
   Compiling rtoolbox v0.0.5
   Compiling quick-xml v0.39.3
   Compiling symlink v0.1.0
   Compiling utf-8 v0.7.6
   Compiling ferrosa v0.22.0 (/Users/bkearns/src/ferrosa-suite/ferrosa/.wt-final/ferrosa)
   Compiling str_stack v0.1.0
   Compiling tabled v0.20.0
   Compiling tungstenite v0.26.2
   Compiling rust-embed v8.11.0
   Compiling inferno v0.12.6
   Compiling tracing-appender v0.2.5
   Compiling rpassword v7.5.2
   Compiling sentry-tracing v0.49.2
   Compiling sentry v0.49.2
   Compiling tokio-tungstenite v0.26.2
   Compiling ferrosa-view v0.22.0 (/Users/bkearns/src/ferrosa-suite/ferrosa/.wt-final/ferrosa-view)
   Compiling ferrosa-jepsen v0.22.0 (/Users/bkearns/src/ferrosa-suite/ferrosa/.wt-final/ferrosa-jepsen)
   Compiling ferrosa-worker v0.22.0 (/Users/bkearns/src/ferrosa-suite/ferrosa/.wt-final/ferrosa-worker)
   Compiling xtask v0.17.0 (/Users/bkearns/src/ferrosa-suite/ferrosa/.wt-final/xtask)
   Compiling ferrosa-udf v0.22.0 (/Users/bkearns/src/ferrosa-suite/ferrosa/.wt-final/ferrosa-udf)
   Compiling ferrosa-cluster v0.22.0 (/Users/bkearns/src/ferrosa-suite/ferrosa/.wt-final/ferrosa-cluster)
   Compiling ferrosa-sql v0.22.0 (/Users/bkearns/src/ferrosa-suite/ferrosa/.wt-final/ferrosa-sql)
   Compiling ferrosa-index-builder v0.22.0 (/Users/bkearns/src/ferrosa-suite/ferrosa/.wt-final/ferrosa-index-builder)
   Compiling tikv-jemallocator v0.7.0
   Compiling ferrosa-session v0.22.0 (/Users/bkearns/src/ferrosa-suite/ferrosa/.wt-final/ferrosa-session)
   Compiling ferrosa-postgres v0.22.0 (/Users/bkearns/src/ferrosa-suite/ferrosa/.wt-final/ferrosa-postgres)
   Compiling ferrosa-graph v0.22.0 (/Users/bkearns/src/ferrosa-suite/ferrosa/.wt-final/ferrosa-graph)
   Compiling ferrosa-sparql v0.22.0 (/Users/bkearns/src/ferrosa-suite/ferrosa/.wt-final/ferrosa-sparql)
   Compiling ferrosa-cql v0.22.0 (/Users/bkearns/src/ferrosa-suite/ferrosa/.wt-final/ferrosa-cql)
   Compiling ferrosa-flight v0.22.0 (/Users/bkearns/src/ferrosa-suite/ferrosa/.wt-final/ferrosa-flight)
   Compiling ferrosa-loadgen v0.22.0 (/Users/bkearns/src/ferrosa-suite/ferrosa/.wt-final/ferrosa-loadgen)
   Compiling ferrosa-ctl v0.22.0 (/Users/bkearns/src/ferrosa-suite/ferrosa/.wt-final/ferrosa-ctl)
warning: linker stderr: ld: __eh_frame section too large (max 16MB) to encode dwarf unwind offsets in compact unwind table, performance of exception handling might be affected
  |
  = note: `#[warn(linker_messages)]` on by default

warning: `ferrosa` (bin "ferrosa") generated 1 warning
    Finished `test` profile [unoptimized + debuginfo] target(s) in 2m 19s
     Running unittests src/main.rs (target/debug/deps/ferrosa-ea8cb450a4530f2b)

running 454 tests
test cql_broadcast::tests::port_mapped_container_advertises_host_port_not_bind_port ... ok
test cql_broadcast::tests::ip_port_pair_parses_both ... ok
test cql_broadcast::tests::ipv6_with_port_parses ... ok
test cql_broadcast::tests::ipv4_alone_uses_fallback_port ... ok
test jemalloc_tuning::tests::decay_rejects_non_integers ... ok
test jemalloc_tuning::tests::decay_accepts_zero_and_negative ... ok
test jemalloc_tuning::tests::decay_unset_or_empty_is_left_alone ... ok
test listener_tls::tests::internode_settings_win_over_the_node_tls ... ok
test listener_tls::tests::internode_inherits_the_node_tls_it_did_not_set ... ok
test listener_status::tests::a_fresh_status_reports_no_failures ... ok
test listener_status::tests::marking_twice_keeps_the_latest_reason ... ok
test listener_tls::tests::a_section_certificate_overrides_the_node_certificate_as_a_pair ... ok
test listener_tls::tests::absent_means_plaintext_not_required ... ok
test listener_tls::tests::internode_require_is_explicit_only_when_set ... ok
test listener_status::tests::a_failed_listener_is_reported_with_its_reason_until_it_is_marked_up ... ok
test log_rotation::tests::a_file_under_the_cap_does_not_roll ... ok
test listener_tls::tests::empty_strings_mean_unset ... ok
test listener_tls::tests::a_section_require_tls_overrides_the_node_requirement ... ok
test log_rotation::tests::a_file_at_the_cap_rolls ... ok
test listener_tls::tests::reads_the_three_keys_from_the_section ... ok
test listener_tls::tests::a_non_boolean_require_tls_is_an_error_not_false ... ok
test listener_tls::tests::a_non_boolean_node_require_is_an_error ... ok
test listener_tls::tests::node_tls_reads_the_tls_section ... ok
test log_rotation::tests::a_process_that_has_rolled_nothing_prunes_nothing ... ok
test listener_tls::tests::a_listener_with_no_keys_inherits_the_node_certificate_and_requirement ... ok
test log_rotation::tests::a_size_cap_below_the_floor_is_refused_with_the_number_given ... ok
test listener_status::tests::the_report_is_sorted_and_covers_every_marked_listener ... ok
test log_rotation::tests::a_value_that_is_not_a_number_falls_back_to_the_default_rather_than_disabling_rotation ... ok
test log_rotation::tests::an_empty_config_file_yields_the_rotating_defaults ... ok
test log_rotation::tests::an_unconfigured_process_still_rotates ... ok
test log_rotation::tests::exactly_at_the_limit_prunes_nothing ... ok
test log_rotation::tests::age_decides_pruning_not_the_order_the_directory_listed_them ... ok
test log_rotation::tests::keeping_zero_generations_is_refused_and_says_what_to_do_instead ... ok
test log_rotation::tests::nothing_is_pruned_while_under_the_retention_limit ... ok
test log_rotation::tests::rotation_turned_off_never_rolls ... ok
test log_rotation::tests::rotation_can_be_turned_off_in_the_file ... ok
test log_rotation::tests::the_environment_overrides_the_file ... ok
test log_rotation::tests::the_oldest_generations_beyond_the_limit_are_pruned ... ok
test log_rotation::tests::the_one_point_six_gigabyte_file_would_have_rolled ... ok
test log_rotation::tests::the_logging_section_is_read ... ok
test runtime::tests::a_panic_on_a_request_runtime_is_not_fatal ... ok
test runtime::tests::an_unnamed_thread_is_not_fatal ... ok
test runtime::tests::matching_is_exact_not_a_substring ... ok
test sentry_reporting::tests::a_dirty_build_is_marked ... ok
test runtime::tests::resolve_positive_usize_prefers_valid_env_over_default ... ok
test log_rotation::tests::writes_land_in_the_live_file ... ok
test sentry_reporting::tests::a_release_id_names_the_version_and_the_commit ... ok
test runtime::tests::blocking_ceilings_scale_with_cores_and_have_floors ... ok
test sentry_reporting::tests::an_unknown_commit_falls_back_to_the_version ... ok
test sentry_reporting::tests::an_empty_dsn_is_absent_not_broken ... ok
test sentry_reporting::tests::a_usable_dsn_is_accepted_and_trimmed ... ok
test sentry_reporting::tests::this_build_carries_a_stamp ... ok
test sentry_reporting::tests::a_non_https_dsn_is_refused ... ok
test cql_broadcast::tests::a_resolvable_host_gets_its_port ... ok
test repair_wiring::tests::rf_simple_strategy_uses_replication_factor ... ok
test repair_wiring::tests::rf_falls_back_to_default_when_unparseable ... ok
test repair_wiring::tests::rf_network_topology_sums_per_dc_factors ... ok
test runtime::tests::a_panic_on_the_consensus_runtime_fails_health_and_returns ... ok
test repair_wiring::tests::user_tables_skips_system_and_uses_per_keyspace_rf ... ok
test repair_wiring::tests::user_tables_uses_default_rf_when_keyspace_metadata_missing ... ok
test runtime::tests::dropping_manager_in_async_context_does_not_panic_after_leak ... ok
test log_rotation::tests::passing_the_cap_rolls_the_live_file_and_keeps_writing ... ok
test supervisor::tests::a_failing_commit_log_fsync_is_impaired_until_one_succeeds ... ok
test supervisor::tests::a_hung_maintenance_loop_is_a_stall_per_deadline_and_escalates ... ok
test supervisor::tests::a_stall_with_an_fsync_in_flight_is_logged_and_counted_as_the_device ... ok
test supervisor::tests::a_commit_log_sync_stall_that_never_recovers_logs_loudly_and_never_aborts_the_node ... ok
test supervisor::tests::a_maintenance_loop_that_beats_again_recovers ... ok
test supervisor::tests::a_dead_commit_log_sync_thread_is_reported_restarted_and_recovers ... ok
test supervisor::tests::a_maintenance_loop_that_returns_is_a_failure ... ok
test supervisor::tests::a_busy_sync_thread_that_keeps_completing_a_backlog_past_the_deadline_never_escalates ... ok
test supervisor::tests::a_stalled_commit_log_sync_counts_every_deadline_but_never_aborts_the_node ... ok
test supervisor::tests::a_stall_with_no_fsync_in_flight_is_logged_and_counted_as_the_thread ... ok
test supervisor::tests::commit_log_sync_deaths_past_the_intensity_escalate_without_a_restart ... ok
test supervisor::tests::failures_older_than_the_period_leave_the_window ... ok
test supervisor::tests::a_panicking_maintenance_loop_is_restarted_then_escalates ... ok
test supervisor::tests::a_panicked_flush_is_reported_impaired_with_its_cause ... ok
test supervisor::tests::a_panicking_flush_is_restarted_and_flushing_resumes ... ok
test supervisor::tests::the_stall_cause_is_counted_once_per_episode_not_once_per_deadline ... ok
test supervisor::tests::slow_fsync_episodes_that_recover_never_escalate ... ok
test tests::apply_internode_toml_overrides_absent_keys_are_ok ... ok
test tests::apply_internode_toml_overrides_sets_bind_when_env_unset ... ok
test tests::apply_internode_toml_overrides_invalid_broadcast_is_fatal ... ok
test tests::apply_internode_toml_overrides_invalid_bind_is_fatal ... ok
test tests::apply_internode_toml_overrides_toml_wins_over_env ... ok
test supervisor::tests::exceeding_the_flush_restart_intensity_escalates ... ok
test tests::a_seed_list_in_toml_parses_to_every_entry ... ok
test tests::auth_disabled_default_chain_matches_storage_default ... ok
test tests::apply_internode_toml_overrides_sets_other_fields ... ok
test tests::auth_source_label_attributes_config_file_not_default ... ok
test supervisor::tests::a_failing_flush_is_impaired_until_one_succeeds_and_never_escalates ... ok
test tests::bt005_config_val_deeply_nested_section ... ok
test tests::bt005_config_val_empty_toml_string ... ok
test supervisor::tests::the_flush_restart_window_survives_a_maintenance_loop_restart ... ok
test tests::bt005_config_val_partial_section_missing_key ... ok
test tests::bt005_config_val_numeric_toml_value ... ok
test tests::bt005_config_val_env_empty_string ... ok
test tests::bt005_web_config_default_bind ... ok
test tests::bt005_load_config_empty_file ... ok
test tests::classify_host_id_state_generates_when_file_missing ... ok
test tests::config_val_falls_back_to_env_when_toml_absent ... ok
test tests::classify_host_id_state_handles_garbage_file ... ok
test tests::classify_host_id_state_loads_valid_disk_file ... ok
test tests::classify_host_id_state_handles_empty_file ... ok
test tests::config_val_handles_boolean_values ... ok
test tests::bt005_host_id_generation_and_persistence ... ok
test tests::config_val_missing_key_returns_default ... ok
test tests::bt005_host_id_from_env_var ... ok
test tests::bt005_web_bind_resolves_toml_over_env ... ok
test tests::config_val_missing_section_returns_default ... ok
test tests::config_val_opt_reads_env_when_set ... ok
test tests::config_val_opt_returns_none_when_unset ... ok
test tests::config_val_opt_reads_file_when_env_unset ... ok
test tests::classify_host_id_state_invalid_override_falls_through ... ok
test tests::config_val_opt_toml_overrides_env ... ok
test tests::config_val_reads_from_toml_when_no_env ... ok
test tests::config_val_returns_default_when_empty_config_and_no_env ... ok
test tests::classify_host_id_state_override_wins_over_disk ... ok
test tests::config_val_toml_overrides_env ... ok
test tests::cql_limit_falls_back_to_env_when_toml_absent ... ok
test tests::core_listener_binds_resolve_toml_over_env ... ok
test tests::cql_limit_returns_default_when_neither_env_nor_toml_set_it ... ok
test tests::cql_limit_reads_toml_preferentially_over_env ... ok
test tests::cql_limit_treats_an_empty_env_var_as_unset ... ok
test tests::cql_limit_rejects_non_numeric_rather_than_clamping ... ok
test tests::default_hinted_handoff_dir_lives_under_storage_data_dir ... ok
test tests::cql_limit_toml_survives_an_empty_env_var ... ok
test tests::cql_limit_rejects_zero_rather_than_clamping ... ok
test tests::expand_tilde_expands_leading_home ... ok
test log_rotation::tests::generations_beyond_the_limit_are_deleted_so_the_directory_stays_bounded ... ok
test tests::ferrosa_log_ansi_overrides_terminal_and_no_color ... ok
test tests::flight_token_ttl_defaults_and_rejects_typos ... ok
test tests::flight_tls_keys_come_from_the_flight_section ... ok
test tests::flight_enabled_defaults_on_and_parses_strictly ... ok
test tests::help_flag_reports_the_version_and_exits ... ok
test tests::flight_tls_validation_names_flight_when_enabled_and_ignores_it_when_disabled ... ok
test tests::graph_listener_binds_resolve_toml_over_env ... ok
test tests::example_config_file_is_valid_toml ... ok
test cql_broadcast::tests::an_unusable_value_is_an_error_that_names_it ... ok
test runtime::tests::consensus_panic_hook_keeps_child_process_alive ... ok
test tests::hinted_handoff_env_override_is_preserved ... ok
test tests::jsonb_defaults_are_accepted ... ok
test tests::hinted_handoff_toml_override_is_preserved ... ok
test tests::internode_tls_keys_come_from_toml_and_require_tls_is_strict ... ok
test tests::jsonb_maps_every_toml_key ... ok
test tests::jsonb_rejects_value_above_256_mib_ceiling ... ok
test tests::jsonb_toml_overrides_env ... ok
test tests::jsonb_rejects_input_above_segment_size ... ok
test tests::bt005_load_local_schema_corrupt_json ... ok
test tests::jsonb_rejects_bad_types_and_policy ... ok
test tests::listener_tls_validation_names_the_listener_whose_certificate_is_missing ... ok
test tests::load_config_returns_empty_table_for_missing_file ... ok
test tests::log_colour_follows_the_terminal_by_default ... ok
test tests::maintenance_loop_does_not_persist_schema_on_first_tick ... ok
test tests::maintenance_seed_equals_the_live_snapshot_version ... ok
test tests::no_color_turns_colour_off_even_on_a_terminal ... ok
test tests::other_arguments_still_start_the_server ... ok
test tests::postgres_default_keyspace_boot_action_waits_while_the_ddl_path_cannot_create ... ok
test tests::postgres_default_keyspace_replicates_across_the_configured_cluster ... ok
test tests::postgres_default_keyspace_boot_action_creates_on_an_applicable_ddl_path ... ok
test tests::load_config_rejects_invalid_toml ... ok
test tests::one_node_wide_certificate_satisfies_the_production_gate ... ok
test tests::production_accepts_an_enabled_flight_listener_that_requires_tls ... ok
test tests::production_allows_disabled_graph_and_sparql_without_tls ... ok
test tests::production_passes_when_every_listener_and_internode_require_tls ... ok
test tests::production_refuses_an_enabled_flight_listener_that_does_not_require_tls ... ok
test tests::resolve_auth_enabled_toml_falls_back_to_env_when_toml_absent ... ok
test tests::production_refuses_each_enabled_listener_that_does_not_require_tls ... ok
test tests::production_refuses_internode_without_required_tls ... ok
test tests::resolve_auth_enabled_toml_returns_none_when_unspecified ... ok
test tests::resolve_auth_enabled_toml_wins_over_env ... ok
test tests::resolve_auth_enabled_toml_reads_file_when_env_unset ... ok
test tests::resolve_graph_enabled_defaults_on_when_unset_everywhere ... ok
test tests::resolve_graph_enabled_falls_back_to_env_when_toml_absent ... ok
test tests::resolve_graph_enabled_explicit_opt_out_is_honored ... ok
test tests::resolve_graph_enabled_reads_toml_when_env_unset ... ok
test tests::resolve_sparql_enabled_defaults_on_with_explicit_opt_out ... ok
test tests::resolve_graph_enabled_toml_wins_over_env ... ok
test tests::load_config_parses_valid_toml_file ... ok
test tests::should_persist_schema_true_only_after_a_version_advance ... ok
test tests::seed_resolves_from_toml_over_env ... ok
test tests::load_local_schema_returns_none_when_no_file ... ok
test tests::seeds_to_connect_returns_all_when_none_connected ... ok
test tests::sparql_bind_resolves_toml_over_env ... ok
test tests::storage_tunables_from_toml_reads_each_bridged_key ... ok
test tests::storage_tunables_from_toml_refuses_a_value_that_is_not_a_number ... ok
test tests::seeds_to_connect_excludes_already_connected_seeds ... ok
test tests::seeds_to_connect_returns_empty_when_all_connected ... ok
test tests::seeds_to_connect_preserves_seed_order ... ok
test tests::telemetry_layer_created_with_env_sample_rate ... ok
test tests::udf_memory_limit_comes_from_toml ... ok
test tests::version_flag_is_found_after_other_arguments ... ok
test tests::version_flag_prints_a_single_parseable_line ... ok
test tests::udf_memory_limit_rejects_zero_absurd_and_garbage ... ok
test tests::load_or_generate_host_id_with_recovers_from_corrupt_file ... ok
test tests::main_spawns_exactly_one_self_heal_controller ... ok
test tests::toml_storage_tunables_reach_the_engine_config_and_win_over_env ... ok
test tests::load_local_schema_returns_snapshot_when_file_exists ... ok
test tests::persist_schema_locally_writes_schema_json ... ok
test web::api::tests::api_decommission_rejects_invalid_uuid ... ok
test web::api::tests::api_add_node_rejects_invalid_uuid ... ok
test web::api::tests::admin_membership_snapshot_returns_all_four_maps ... ok
test supervisor::tests::production_escalation_syncs_the_commit_log_and_aborts_with_context ... ok
test web::api::tests::api_add_node_valid_uuid_returns_200 ... ok
test web::api::tests::api_cluster_status_reports_the_live_ddl_path ... ok
test web::api::tests::api_decommission_empty_body_targets_local_node ... ok
test web::api::tests::api_downgrade_to_pair_returns_409_without_a_connected_peer ... ok
test web::api::tests::api_cluster_status_mode_field_is_string ... ok
test tests::table_less_snapshot_reports_disk_tables_and_fabricates_none ... ok
test web::api::tests::api_index_rebuild_refuses_an_index_that_does_not_exist ... ok
test web::api::tests::api_rebalance_returns_503_when_raft_not_initialized ... ok
test web::api::tests::api_cluster_management_endpoints_are_routable ... ok
test web::api::tests::api_switchover_net_error_returns_503 ... ok
test web::api::tests::api_ring_reports_a_stuck_joining_member_as_unhealthy ... ok
test web::api::tests::api_switchover_replication_failed_returns_502 ... ok
test web::api::tests::api_downgrade_to_pair_returns_409_without_a_running_raft_group ... ok
test web::api::tests::api_downgrade_to_pair_returns_409_without_a_named_peer ... ok
test web::api::tests::api_queries_alias_is_routable ... ok
test web::api::tests::api_ring_returns_503_when_not_in_cluster_mode ... ok
test web::api::tests::api_ring_returns_json ... ok
test web::api::tests::api_switchover_not_primary_returns_409 ... ok
test web::api::tests::api_storage_alias_is_routable ... ok
test web::api::tests::bt001_api_active_queries_returns_200_json ... ok
test web::api::tests::api_switchover_returns_409_when_not_in_pair_mode ... ok
test web::api::tests::bt001_api_connections_returns_200_json ... ok
test web::api::tests::bt001_api_queries_alias_returns_200_json ... ok
test web::api::tests::bt001_api_tables_returns_200_json ... ok
test web::api::tests::bt001_api_storage_stats_returns_200_json ... ok
test web::api::tests::bt001_api_tables_empty_registry_returns_200_empty_array ... ok
test web::api::tests::bt001_api_storage_alias_returns_200_json ... ok
test web::api::tests::node_state_to_str_decommissioned ... ok
test web::api::tests::node_state_to_str_joining ... ok
test web::api::tests::node_state_to_str_leaving ... ok
test web::api::tests::virtual_table_registration_lists_both_tables ... ok
test web::api::tests::node_state_to_str_normal ... ok
test web::api::tests::bt002_api_cluster_status_returns_200_json ... ok
test web::api::tests::virtual_table_to_json_bigint_short_bytes_returns_null ... ok
test web::api::tests::virtual_table_to_json_bigint_column ... ok
test web::api::tests::membership_snapshot_reports_the_local_schema_version ... ok
test web::api::tests::virtual_table_to_json_blob_shows_binary ... ok
test web::api::tests::compaction_stop_api_validates_scope_before_cancellation ... ok
test web::api::tests::virtual_table_to_json_boolean_column ... ok
test web::api::tests::virtual_table_to_json_boolean_empty_bytes_is_false ... ok
test web::api::tests::compaction_stop_api_is_authenticated_post_and_acknowledges_request_only ... ok
test web::api::tests::api_index_rebuild_requires_keyspace_table_and_index ... ok
test web::api::tests::get_metrics_returns_prometheus_text ... ok
test web::api::tests::bt003_metrics_empty_registry_returns_200 ... ok
test web::api::tests::bt003_metrics_returns_ferrosa_prefix_metrics ... ok
test web::api::tests::virtual_table_to_json_boolean_false ... ok
test web::api::tests::metrics_endpoint_reachable_through_router ... ok
test web::api::tests::metrics_export_client_request_rate_and_latency ... ok
test web::api::tests::virtual_table_to_json_double_column ... ok
test web::api::tests::virtual_table_to_json_double_infinity_returns_null ... ok
test web::api::tests::virtual_table_to_json_empty ... ok
test web::api::tests::virtual_table_to_json_double_nan_returns_null ... ok
test web::api::tests::virtual_table_to_json_double_short_bytes_returns_null ... ok
test web::api::tests::virtual_table_to_json_empty_rows ... ok
test web::api::tests::virtual_table_to_json_fewer_cells_than_columns ... ok
test web::api::tests::metrics_export_the_health_of_the_background_listeners ... ok
test web::api::tests::virtual_table_to_json_int_short_bytes_returns_null ... ok
test web::api::tests::virtual_table_to_json_multiple_columns ... ok
test web::api::tests::virtual_table_to_json_int_column ... ok
test web::api::tests::virtual_table_to_json_multiple_rows ... ok
test web::api::tests::virtual_table_to_json_null_value ... ok
test web::api::tests::virtual_table_to_json_text_column ... ok
test web::api::tests::virtual_table_to_json_timestamp_column ... ok
test web::api::tests::virtual_table_to_json_timestamp_short_bytes_returns_null ... ok
test web::api::tests::virtual_table_to_json_uuid_column_shows_binary ... ok
test supervisor::tests::a_hung_flush_is_reported_stalled_without_blocking_the_caller ... ok
test web::auth_cache::tests::a_new_snapshot_invalidates_the_entry ... ok
test web::auth_cache::tests::a_wrong_password_never_hits_a_cached_one ... ok
test web::auth_cache::tests::capacity_is_respected ... ok
test web::auth_cache::tests::entry_expires_after_ttl ... ok
test web::auth_cache::tests::miss_before_insert_then_hit ... ok
test web::auth_cache::tests::prune_drops_only_expired_entries ... ok
test web::auth_cache::tests::zero_ttl_disables_the_cache ... ok
test supervisor::tests::a_flush_hung_for_good_escalates ... ok
test web::auth::tests::admin_route_open_when_auth_disabled ... ok
test web::api::tests::compaction_stop_api_cancels_real_work_on_only_the_selected_table ... ok
test web::auth::tests::admin_route_returns_200_with_superuser_credentials ... ok
test web::debug::tests::debug_state_clone_shares_lock ... ok
test web::debug::tests::debug_state_default ... ok
test web::debug::tests::debug_state_lock_is_exclusive ... ok
test web::debug::tests::debug_state_lock_released_after_drop ... ok
test web::auth::tests::auth_disabled_passes_through ... ok
test runtime::tests::cql_blocking_pool_respects_its_ceiling ... ok
test web::debug::tests::flamechart_endpoint_is_routable ... ok
test web::auth::tests::admin_route_returns_401_without_credentials ... ok
test web::debug::tests::flamechart_params_default_seconds ... ok
test web::debug::tests::flamechart_params_seconds_capped_at_max ... ok
test web::debug::tests::flamechart_params_with_seconds ... ok
test web::auth::tests::bad_credentials_returns_401 ... ok
test web::auth::tests::failed_verification_is_never_cached ... ok
test web::auth::tests::non_privileged_role_returns_403 ... ok
test web::auth::tests::operator_role_via_member_of_returns_200 ... ok
test web::auth::tests::schema_change_invalidates_cached_verification ... ok
test web::debug::tests::check_auth_rejects_empty_env_token ... ok
test web::debug::tests::check_auth_rejects_missing_authorization_header ... ok
test web::debug::tests::check_auth_rejects_non_bearer_scheme ... ok
test web::debug::tests::flamechart_auth_accepts_valid_token ... ok
test web::debug::tests::flamechart_auth_rejects_wrong_token ... ok
test web::debug::tests::flamechart_endpoint_requires_auth ... ok
test web::debug::tests::max_collect_bytes_is_reasonable ... ok
test web::debug::tests::max_seconds_is_reasonable ... ok
test web::debug::tests::render_flamegraph_empty_input_produces_error_or_svg ... ok
test web::debug::tests::render_flamegraph_produces_svg ... ok
test web::debug::tests::render_flamegraph_single_idle_stack ... ok
test web::debug::tests::render_flamegraph_svg_has_title ... ok
test web::debug::tests::flamechart_rejects_without_auth_token ... ok
test web::observability::tests::cql_stats_returns_empty_when_no_tables_registered ... ok
test web::debug::tests::incremental_compaction_endpoint_rejects_unbounded_batch_limits ... ok
test web::observability::tests::get_alerts_endpoint_is_routable ... ok
test web::debug::tests::incremental_compaction_endpoint_requires_auth_and_reports_missing_table ... ok
test web::debug::tests::ip_whitelist_allows_all_when_empty_string ... ok
test web::observability::tests::get_alerts_includes_alert_data_when_registered ... ok
test web::debug::tests::ip_whitelist_allows_listed_ip ... ok
test web::observability::tests::get_alerts_returns_200_with_empty_registry ... ok
test web::observability::tests::get_billing_counts_rows ... ok
test web::observability::tests::get_billing_returns_200_with_empty_registry ... ok
test web::observability::tests::get_cql_stats_includes_active_queries_when_registered ... ok
test web::observability::tests::get_cql_stats_endpoint_is_routable ... ok
test web::observability::tests::get_cql_stats_includes_connection_count ... ok
test web::observability::tests::get_cql_stats_returns_200_with_empty_registry ... ok
test web::observability::tests::get_full_scan_reasons_counts_rows ... ok
test web::observability::tests::get_cql_stats_with_active_queries_no_connections_omits_connection_count ... ok
test web::observability::tests::all_observability_endpoints_are_routable ... ok
test web::observability::tests::get_query_fingerprints_counts_rows ... ok
test web::observability::tests::get_query_fingerprints_returns_200_with_empty_registry ... ok
test web::observability::tests::get_full_scan_reasons_returns_200_with_empty_registry ... ok
test web::observability::tests::all_observability_endpoints_return_valid_json ... ok
test web::readiness::tests::health_alias_is_routable ... ok
test web::observability::tests::get_table_access_returns_200_with_empty_registry ... ok
test web::observability::tests::get_table_access_counts_rows ... ok
test web::readiness::tests::readyz_cluster_without_raft_returns_503 ... ok
test web::readiness::tests::health_alias_standalone_returns_200 ... ok
test web::readiness::tests::readyz_consensus_failure_is_immediate_503 ... ok
test web::readiness::tests::readyz_degraded_cluster_says_why ... ok
test web::readiness::tests::readyz_endpoint_is_routable ... ok
test web::readiness::tests::readyz_forming_without_raft_body_names_waiting_for ... ok
test web::readiness::tests::readyz_degraded_cluster_is_not_ready ... ok
test web::readiness::tests::readyz_forming_without_raft_returns_503 ... ok
test web::readiness::tests::readyz_is_not_ready_while_a_declared_cluster_has_not_formed ... ok
test web::readiness::tests::readyz_is_not_ready_when_a_declared_cluster_fell_back_to_pair ... ok
test web::readiness::tests::readyz_is_not_ready_while_a_client_listener_has_failed ... ok
test web::readiness::tests::readyz_is_ready_when_the_declared_topology_is_met ... ok
test web::readiness::tests::readyz_is_not_ready_while_a_supervised_task_is_impaired ... ok
test web::readiness::tests::readyz_names_a_secondary_index_that_is_not_current ... ok
test web::readiness::tests::readyz_recovers_once_the_listener_is_serving_again ... ok
test web::readiness::tests::readyz_standalone_body_is_ready_true ... ok
test web::readiness::tests::readyz_returns_valid_json ... ok
test web::readiness::tests::readyz_is_unchanged_when_no_cluster_size_is_declared ... ok
test web::readiness::tests::readyz_standalone_returns_200 ... ok
test web::snapshots::tests::create_snapshot_503_body_has_error ... ok
test web::snapshots::tests::archive_status_no_s3_has_all_fields ... ok
test web::snapshots::tests::create_snapshot_endpoint_is_routable ... ok
test web::snapshots::tests::create_snapshot_rejects_malformed_json ... ok
test web::snapshots::tests::create_snapshot_rejects_missing_body ... ok
test web::snapshots::tests::delete_snapshot_503_body_has_error ... ok
test web::snapshots::tests::create_snapshot_returns_503_without_s3 ... ok
test web::snapshots::tests::create_snapshot_rejects_no_content_type ... ok
test web::snapshots::tests::format_iso8601_end_of_year ... ok
test web::snapshots::tests::format_iso8601_known_date ... ok
test web::snapshots::tests::format_iso8601_known_epoch ... ok
test web::snapshots::tests::format_iso8601_leap_year_feb_29 ... ok
test web::snapshots::tests::delete_snapshot_returns_503_without_s3 ... ok
test web::snapshots::tests::format_iso8601_start_of_2000 ... ok
test web::snapshots::tests::a_rejected_restore_records_nothing ... ok
test web::auth::tests::unauthenticated_returns_401 ... ok
test web::snapshots::tests::delete_snapshot_endpoint_is_routable ... ok
test web::readiness::tests::readyz_names_a_vector_index_under_rebuild_as_degraded_recall ... ok
test web::snapshots::tests::all_pitr_endpoints_are_routable ... ok
test web::snapshots::tests::get_archive_status_endpoint_is_routable ... ok
test web::snapshots::tests::is_leap_year_divisible_by_100_not_400 ... ok
test web::snapshots::tests::get_archive_status_returns_200_without_s3 ... ok
test web::snapshots::tests::get_snapshots_endpoint_is_routable ... ok
test web::snapshots::tests::is_leap_year_divisible_by_400 ... ok
test web::snapshots::tests::is_leap_year_non_leap ... ok
test web::snapshots::tests::is_leap_year_standard_leap ... ok
test web::snapshots::tests::get_snapshots_returns_json_array ... ok
test web::snapshots::tests::restore_preflight_endpoint_is_routable ... ok
test web::snapshots::tests::restore_preflight_503_body_has_error ... ok
test web::snapshots::tests::restore_preflight_returns_503_without_s3 ... ok
test web::snapshots::tests::restore_preflight_rejects_no_content_type ... ok
test web::readiness::tests::readyz_is_not_ready_while_set_aside_mutations_are_unapplied ... ok
test web::snapshots::tests::restore_preflight_rejects_missing_body ... ok
test web::snapshots::tests::trigger_restore_endpoint_is_routable ... ok
test web::snapshots::tests::trigger_restore_rejects_malformed_json ... ok
test web::snapshots::tests::ttl_large_value_does_not_panic ... ok
test web::snapshots::tests::ttl_none_returns_none ... ok
test web::snapshots::tests::trigger_restore_503_body_has_error ... ok
test web::snapshots::tests::trigger_restore_rejects_no_content_type ... ok
test web::snapshots::tests::trigger_restore_rejects_missing_snapshot_field ... ok
test web::snapshots::tests::ttl_positive_generates_future_timestamp ... ok
test web::snapshots::tests::ttl_positive_returns_iso8601 ... ok
test web::static_files::tests::mime_for_css ... ok
test web::snapshots::tests::ttl_zero_returns_none ... ok
test web::static_files::tests::mime_for_html ... ok
test web::static_files::tests::mime_for_double_extension ... ok
test web::snapshots::tests::trigger_restore_returns_503_without_s3 ... ok
test web::static_files::tests::mime_for_ico ... ok
test web::static_files::tests::mime_for_js ... ok
test web::static_files::tests::mime_for_json ... ok
test web::static_files::tests::mime_for_nested_path_html ... ok
test web::static_files::tests::mime_for_no_extension ... ok
test web::static_files::tests::mime_for_png ... ok
test web::static_files::tests::mime_for_svg ... ok
test web::static_files::tests::mime_for_unknown_extension ... ok
test web::static_files::tests::status_only_internal_server_error ... ok
test web::static_files::tests::status_only_not_found ... ok
test web::static_files::tests::status_only_ok ... ok
test web::static_files::tests::static_handler_returns_404_for_deeply_nested_missing ... ok
test web::static_files::tests::static_handler_returns_404_for_missing_file ... ok
test web::ws::tests::cancellation_token_clone_propagates ... ok
test web::tls_tests::require_tls_without_a_certificate_refuses_to_start ... ok
test web::ws::tests::cancellation_token_starts_uncancelled ... ok
test web::ws::tests::data_message_format ... ok
test web::ws::tests::data_message_with_empty_rows ... ok
test web::ws::tests::data_message_with_multiple_rows ... ok
test web::ws::tests::default_poll_interval_is_reasonable ... ok
test web::ws::tests::demand_driven_mode_uses_custom_interval ... ok
test web::ws::tests::error_message_format_invalid_json ... ok
test web::ws::tests::error_message_format_missing_table ... ok
test web::ws::tests::error_message_format_unknown_table ... ok
test web::ws::tests::error_message_format_unknown_type ... ok
test web::ws::tests::none_mode_does_not_match_pollable_branch ... ok
test web::ws::tests::error_messages_always_have_type_and_message_fields ... ok
test web::ws::tests::outbound_channel_capacity_is_nonzero ... ok
test web::ws::tests::parse_empty_object_fails ... ok
test web::ws::tests::parse_empty_string_table_field ... ok
test web::ws::tests::outbound_channel_respects_capacity ... ok
test web::ws::tests::parse_invalid_json_fails ... ok
test web::ws::tests::parse_null_table_field ... ok
test web::ws::tests::parse_subscribe_message ... ok
test web::ws::tests::parse_subscribe_missing_table_field ... ok
test web::static_files::tests::static_handler_serves_index_html_for_root ... ok
test web::ws::tests::parse_subscribe_preserves_table_case ... ok
test web::ws::tests::parse_subscribe_with_extra_fields_ignored ... ok
test web::ws::tests::parse_subscribe_with_integer_type_fails ... ok
test web::static_files::tests::static_handler_serves_index_html_for_empty_path ... ok
test web::ws::tests::parse_unknown_message_type ... ok
test web::ws::tests::parse_unsubscribe_message ... ok
test web::ws::tests::pollable_mode_uses_default_interval ... ok
test web::snapshots::tests::restore_preflight_records_nothing ... ok
test web::snapshots::tests::trigger_restore_records_an_intent_the_next_boot_can_read ... ok
test web::tls_tests::web_console_serves_https_when_a_certificate_is_configured ... ok
test web::auth::tests::successful_verification_is_reused_across_requests ... ok
test web::auth::tests::seeded_ferrosa_admin_returns_200 ... ok
test web::auth::tests::zero_ttl_disables_the_cache ... ok
test web::debug::tests::check_auth_rejects_empty_bearer_token ... ok
test web::debug::tests::ip_whitelist_allows_when_not_set ... ok
test web::debug::tests::ip_whitelist_allows_when_only_invalid_entries ... ok
test web::debug::tests::ip_whitelist_handles_whitespace_in_entries ... ok
test web::debug::tests::ip_whitelist_rejects_unlisted_ip ... ok
test web::debug::tests::ip_whitelist_rejects_none_remote_when_configured ... ok
test supervisor::tests::the_supervisor_restarts_a_real_dead_commit_log_sync_thread ... ok

test result: ok. 454 passed; 0 failed; 0 ignored; 0 measured; 0 filtered out; finished in 2.27s

     Running tests/drop_table_replica_process.rs (target/debug/deps/drop_table_replica_process-88718690e8f96e08)

running 1 test
test a_refused_drop_on_a_real_node_process_fails_loud_and_never_resurrects ... ok

test result: ok. 1 passed; 0 failed; 0 ignored; 0 measured; 0 filtered out; finished in 20.96s

     Running tests/pair_primary_is_deterministic.rs (target/debug/deps/pair_primary_is_deterministic-1f7a82d2aa37d577)

running 3 tests
test pair_smoke_stack_pins_every_node_host_id ... ok
test node1_is_deterministically_the_pair_primary ... ok
test cluster_stacks_pin_every_node_host_id ... ok

test result: ok. 3 passed; 0 failed; 0 ignored; 0 measured; 0 filtered out; finished in 0.01s

     Running tests/smoke.rs (target/debug/deps/smoke-2226083f8d314bce)

running 10 tests
test server_starts_and_accepts_connection ... ok
test system_tables_accessible ... ok
test bt004_standalone_concurrent_sessions ... ok
test describe_keyspaces ... ok
test multiple_connections ... ok
test create_keyspace_and_table ... ok
test insert_and_select ... ok
test bt004_standalone_startup_cql_and_shutdown ... ok
test test_create_and_query_indexes ... ok
test wiring::wiring_cql_flush_compact_restart ... ok

test result: ok. 10 passed; 0 failed; 0 ignored; 0 measured; 0 filtered out; finished in 0.73s

     Running tests/web_ws.rs (target/debug/deps/web_ws-c115f2cd26e16356)

running 4 tests
test ws_unknown_table_returns_error ... ok
test ws_subscribe_receives_data ... ok
test ws_demand_subscription_delivers_notifications_in_poll_order ... ok
test ws_unsubscribe_then_resubscribe_replays_without_old_task_duplicates ... ok

test result: ok. 4 passed; 0 failed; 0 ignored; 0 measured; 0 filtered out; finished in 0.04s

     Running unittests src/lib.rs (target/debug/deps/ferrosa_cdc-8f63ee55f6ec3c6c)

running 8 tests
test tests::closed_bus_reports_closed ... ok
test tests::has_subscribers_tracks_live_subscriptions_per_stream ... ok
test tests::publish_without_subscribers_is_not_an_error ... ok
test tests::overflow_emits_gap_signal_not_silent_drop ... ok
test tests::streams_are_isolated ... ok
test tests::fans_out_to_all_subscribers ... ok
test tests::zero_capacity_panics - should panic ... ok
test tests::async_recv_delivers_event ... ok

test result: ok. 8 passed; 0 failed; 0 ignored; 0 measured; 0 filtered out; finished in 0.00s

     Running unittests src/lib.rs (target/debug/deps/ferrosa_cluster-6c87e4cb85bee488)

running 1425 tests
test accord::apply::engine_applier_tests::apply_writeset_is_all_or_nothing_when_a_key_fails ... ok
test accord::apply::engine_applier_tests::apply_to_unregistered_table_fails_loud ... ok
test accord::apply::engine_applier_tests::bdd_failed_key_rolls_back_the_whole_multikey_writeset ... ok
test accord::apply::engine_applier_tests::a_read_vote_row_carries_a_microsecond_timestamp ... ok
test accord::apply::engine_applier_tests::apply_with_malformed_data_fails_loud ... ok
test accord::apply::engine_applier_tests::apply_round_trips_serialized_mutation_and_restamps ... ok
test accord::apply::engine_applier_tests::committed_event_moves_the_row_set_byte_identical ... ok
test accord::apply::engine_applier_tests::apply_persists_row_readable_via_engine ... ok
test accord::apply::engine_applier_tests::a_read_at_t_excludes_a_plain_write_made_after_t ... ok
test accord::apply::engine_applier_tests::an_lwt_cell_is_stamped_in_microseconds ... ok
test accord::apply::engine_applier_tests::apply_rebinds_flagged_list_cell_path_to_accord_ts ... ok
test accord::apply::engine_applier_tests::apply_is_idempotent_on_txn_and_timestamp ... ok
test accord::apply::engine_applier_tests::a_plain_write_after_an_lwt_wins_last_write_wins ... ok
test accord::apply::engine_applier_tests::apply_writeset_skips_already_applied_keys_and_applies_the_rest ... ok
test accord::apply::engine_applier_tests::apply_writeset_persists_all_keys ... ok
test accord::apply::engine_applier_tests::apply_restamps_cells_to_accord_timestamp_not_wall_clock ... ok
test accord::apply::tests::a_dependency_cycle_refuses_the_apply_and_leaves_no_half_registered_waits ... ok
test accord::apply::tests::a_park_inside_the_bound_survives_reclaim_and_still_applies_every_key ... ok
test accord::apply::tests::apply_dep_already_applied_immediate ... ok
test accord::apply::tests::an_unresolvable_park_is_reclaimed_and_surfaced_never_retained_forever ... ok
test accord::apply::tests::apply_no_deps_immediate ... ok
test accord::apply::tests::apply_ordering_by_timestamp ... ok
test accord::apply::tests::apply_pending_dep_queued_then_woken ... ok
test accord::apply::tests::bdd_multikey_txn_parked_behind_dependency_loses_no_write ... ok
test accord::apply::tests::cascade_is_transitive_with_real_data ... ok
test accord::apply::tests::cascade_replays_queued_mutation_real_data ... ok
test accord::apply::engine_applier_tests::read_row_at_returns_none_for_absent_row ... ok
test accord::apply::tests::an_arc_owned_by_the_static_closure_lets_the_mapping_be_borrowed_inside ... ok
test accord::apply::tests::is_applied_tracks_state ... ok
test accord::apply::tests::control_resident_parks_grow_with_the_payload_when_staging_is_disabled ... ok
test accord::apply::tests::the_parked_apply_reclaim_bound_is_externalized_and_malformed_values_fall_back ... ok
test accord::apply::engine_applier_tests::read_row_at_excludes_cells_written_after_t ... ok
test accord::apply::engine_applier_tests::read_row_at_returns_serialized_row_when_present ... ok
test accord::apply::tests::try_apply_is_single_key_writeset_delegation ... ok
test accord::apply::tests::writeset_no_deps_applies_every_key_immediately ... ok
test accord::apply::tests::writeset_parked_behind_dep_applies_all_keys_on_resolve ... ok
test accord::apply::engine_applier_tests::read_clustering_row_at_returns_only_that_row ... ok
test accord::apply::tests::prop_multikey_dag_applies_every_write_exactly_once_in_dep_order ... ok
test accord::chaos_minority_kill::tests::chaos_minority_kill_no_lost_commits ... ok
test accord::chaos_minority_kill::tests::chaos_minority_kill_recovery_time ... ok
test accord::apply::tests::staged_writeset_apply_hands_the_applier_the_spill_mapping_not_a_copy ... ok
test accord::chaos_minority_kill::tests::duplicate_commit_delivery_after_follower_loss_is_idempotent ... ok
test accord::chaos_minority_kill::tests::majority_partition_progresses_and_healed_minority_catches_up_in_commit_order ... ok
test accord::apply::engine_applier_tests::two_keys_same_txn_and_t_both_persist ... ok
test accord::clock::tests::accepts_at_exact_boundary ... ok
test accord::clock::tests::accepts_within_skew ... ok
test accord::clock::tests::accepts_zero_skew ... ok
test accord::clock::tests::rejects_one_us_past_boundary ... ok
test accord::clock_validation::tests::accept_exact_boundary ... ok
test accord::clock_validation::tests::accept_within_drift ... ok
test accord::clock_validation::tests::hlc_ntp_step_change_guard ... ok
test accord::clock_validation::tests::reject_future_timestamp_preaccept ... ok
test accord::compression::tests::an_unknown_codec_falls_back_to_none_not_silently_some_codec ... ok
test accord::compression::tests::codec_resolution_is_case_insensitive_and_defaults_to_none ... ok
test accord::compression::tests::level_block_and_min_resolve_with_documented_defaults ... ok
test accord::compression::tests::the_default_configuration_is_no_compression ... ok
test accord::coordinator::tests::a_large_write_set_is_not_refused_before_the_protocol_runs ... ok
test accord::coordinator::tests::a_doomed_transaction_releases_its_keys_without_waiting_on_a_paused_replica ... ok
test accord::coordinator::tests::a_majority_agreeing_is_enough_even_when_one_replica_differs ... ok
test accord::coordinator::tests::a_reply_without_a_vote_is_counted_separately_from_a_failed_rpc ... ok
test accord::coordinator::tests::a_non_replica_coordinator_does_not_vote_on_a_generic_if ... ok
test accord::coordinator::tests::a_non_replica_coordinator_does_not_vote_on_if_not_exists ... ok
test accord::coordinator::tests::a_tie_below_the_quorum_is_refused ... ok
test accord::coordinator::tests::accord_coordinator_creates_spans ... ok
test accord::coordinator::tests::accept_self_is_processed_locally_never_sent_rf3 ... ok
test accord::coordinator::tests::agreement_on_an_empty_row_is_still_agreement ... ok
test accord::coordinator::tests::an_abandoned_transaction_carries_the_client_signal ... ok
test accord::coordinator::tests::an_unexpected_message_is_not_a_vote ... ok
test accord::coordinator::tests::a_spilled_write_set_fans_out_the_staged_payloads ... ok
test accord::coordinator::tests::apply_fanout_keeps_per_peer_scoping_when_the_write_sets_differ ... ok
test accord::coordinator::tests::apply_quorum_accepts_structured_matching_apply_ok ... ok
test accord::coordinator::tests::apply_quorum_rejects_empty_body_apply_ok ... ok
test accord::coordinator::tests::apply_quorum_rejects_mismatched_txn_apply_ok ... ok
test accord::coordinator::tests::apply_payload_carries_mutation_not_key ... ok
test accord::coordinator::tests::apply_fanout_serializes_a_uniform_payload_once_and_shares_it ... ok
test accord::coordinator::tests::apply_fans_out_while_local_dependency_is_parked ... ok
test accord::coordinator::tests::apply_fanout_uses_capnp_only_for_a_peer_that_advertised_it ... ok
test accord::coordinator::tests::apply_v2_messages_without_resolver_send_full_writeset_to_every_replica ... ok
test accord::coordinator::tests::apply_v2_messages_scope_each_replica_to_its_owned_keys ... ok
test accord::coordinator::tests::coordinator_fast_path_1rtt ... ok
test accord::coordinator::tests::commit_quorum_rejects_mismatched_txn_commit_ack ... ok
test accord::coordinator::tests::commit_quorum_rejects_empty_body_commit_ack ... ok
test accord::coordinator::tests::commit_quorum_accepts_structured_matching_commit_ack ... ok
test accord::coordinator::tests::coordinator_slow_path_2rtt ... ok
test accord::coordinator::tests::disagreement_at_slow_quorum_decides_without_waiting_for_finalize ... ok
test accord::coordinator::tests::existence_vote_requires_an_explicit_quorum_decision ... ok
test accord::coordinator::tests::existence_vote_without_true_quorum_is_unavailable ... ok
test accord::coordinator::tests::fast_quorum_size_formula ... ok
test accord::coordinator::tests::fast_quorum_size_rf1 ... ok
test accord::coordinator::tests::fast_quorum_size_rf3_f0 ... ok
test accord::coordinator::tests::fast_quorum_size_rf3_f1 ... ok
test accord::coordinator::tests::fast_quorum_size_rf5_f1 ... ok
test accord::coordinator::tests::coordinator_local_apply_borrows_the_staged_write_set_not_a_copy ... ok
test accord::coordinator::tests::fewer_reads_than_the_quorum_is_refused ... ok
test accord::coordinator::tests::finalize_preaccept_is_a_noop_once_a_decision_was_reached ... ok
test accord::coordinator::tests::apply_fanout_overlaps_replicas_within_a_bounded_window ... ok
test accord::coordinator::tests::finalize_preaccept_stays_pending_below_slow_quorum ... ok
test accord::coordinator::tests::finalize_preaccept_takes_slow_path_when_fanout_exhausts_with_slow_quorum ... ok
test accord::coordinator::tests::late_preaccept_ok_after_the_round_left_preaccepting_is_ignored_not_panicked ... ok
test accord::coordinator::tests::multi_key_driver_fans_out_every_key_no_guard ... ok
test accord::coordinator::tests::new_multi_single_entry_is_degenerate_single_key ... ok
test accord::coordinator::tests::no_value_reaching_the_quorum_is_refused ... ok
test accord::coordinator::tests::no_write_finalize_gives_up_after_bounded_attempts_and_names_the_replica ... ok
test accord::coordinator::tests::no_write_finalize_retries_a_replica_until_it_acks ... ok
test accord::coordinator::tests::other_driver_errors_do_not_carry_the_abandoned_prefix ... ok
test accord::coordinator::tests::one_true_existence_vote_plus_two_failures_does_not_apply_rf3 ... ok
test accord::coordinator::tests::late_snapshot_stale_from_marker_replica_still_aborts_before_accept ... ok
test accord::coordinator::tests::preaccept_fast_path_timeout_defaults_and_rejects_bad_values ... ok
test accord::coordinator::tests::preaccept_deadline_uses_slow_quorum_without_waiting_for_silent_peer ... ok
test accord::coordinator::tests::preaccept_self_is_processed_locally_never_sent_rf1 ... ok
test accord::coordinator::tests::preaccept_self_vote_reaches_fast_quorum_rf3 ... ok
test accord::coordinator::tests::quorum_broadcast_blocks_when_one_shard_is_a_minority ... ok
test accord::coordinator::tests::a_local_apply_that_never_resolves_abandons_the_transaction ... ok
test accord::coordinator::tests::quorum_broadcast_per_peer_delivers_scoped_message_to_each_replica ... ok
test accord::coordinator::tests::quorum_broadcast_returns_without_waiting_for_slow_minority_peers ... ok
test accord::coordinator::tests::read_vote_collection_stops_after_quorum_without_waiting_for_slow_replica ... ok
test accord::coordinator::tests::scenario_fast_path_with_leaseholder ... ok
test accord::coordinator::tests::scenario_fast_path_no_conflict ... ok
test accord::coordinator::tests::quorum_broadcast_succeeds_when_every_shard_has_quorum ... ok
test accord::coordinator::tests::region_fanout_never_sends_a_peer_an_entry_outside_its_shard_scope ... ok
test accord::coordinator::tests::scenario_slow_path_conflict ... ok
test accord::coordinator::tests::scenario_two_concurrent_no_conflict ... ok
test accord::coordinator::tests::scenario_two_concurrent_same_key ... ok
test accord::coordinator::tests::slow_quorum_size_formula ... ok
test accord::coordinator::tests::snapshot_preaccept_timeout_requires_marker_key_quorum ... ok
test accord::coordinator::tests::unanimous_reads_agree ... ok
test accord::coordinator::tests::two_encodings_of_the_same_row_agree ... ok
test accord::cross_dc_adapter::tests::cross_dc_vote_commit_counter_is_monotonic ... ok
test accord::cross_shard::tests::client_retry_after_apply ... ok
test accord::cross_shard::tests::client_retry_same_txnid_idempotent ... ok
test accord::cross_shard::tests::client_retry_different_txnid_is_new ... ok
test accord::coordinator::tests::preaccept_timeout_does_not_count_as_a_slow_quorum_vote ... ok
test accord::cross_shard::tests::cross_shard_conflict_detection ... ok
test accord::coordinator::tests::a_late_preaccept_registration_is_finalized_after_an_early_abort ... ok
test accord::cross_shard::tests::cross_shard_dep_wait_per_shard ... ok
test accord::cross_shard::tests::cross_shard_no_false_conflict ... ok
test accord::cross_shard::tests::cross_shard_execute_all_or_nothing ... ok
test accord::cross_shard::tests::cross_shard_execute_parallel ... ok
test accord::cross_shard::tests::cross_shard_partial_failure_abort ... ok
test accord::cross_shard::tests::cross_shard_result_deterministic ... ok
test accord::ddl_drain::tests::ddl_drain_concurrent_reads ... ok
test accord::ddl_drain::tests::ddl_drain_and_block ... ok
test accord::ddl_drain::tests::ddl_drain_other_tables_unaffected ... ok
test accord::ddl_drain::tests::ddl_drain_timeout ... ok
test accord::dep_wait::tests::aborted_count_tracks_break_cycle ... ok
test accord::dep_wait::tests::applied_count_tracks_mark_applied ... ok
test accord::dep_wait::tests::clearing_waits_drops_only_the_forward_edges ... ok
test accord::dep_wait::tests::applied_set_bounded_by_pruning ... ok
test accord::dep_wait::tests::dep_wait_already_applied ... ok
test accord::dep_wait::tests::dep_wait_concurrent_wakeup ... ok
test accord::coordinator::tests::snapshot_preaccept_timeout_waits_when_marker_quorum_is_missing ... ok
test accord::dep_wait::tests::dep_wait_cycle_break ... ok
test accord::dep_wait::tests::dep_wait_deadlock_detection ... ok
test accord::dep_wait::tests::dep_wait_simple_chain ... ok
test accord::dep_wait::tests::dep_wait_timeout ... ok
test accord::dep_wait::tests::dep_wait_transitive ... ok
test accord::dep_wait::tests::prune_keeps_recent_applied_entries ... ok
test accord::dep_wait::tests::prune_removes_old_aborted_entries ... ok
test accord::dep_wait::tests::prune_removes_old_applied_entries ... ok
test accord::dep_wait::tests::waiving_the_last_wait_unblocks_the_waiter_without_applying_the_dependency ... ok
test accord::dep_wait::tests::waiving_one_of_several_waits_leaves_the_waiter_blocked ... ok
test accord::driver_cross_shard_e2e::tests::cross_shard_txn_with_one_shard_down_applies_nothing ... ok
test accord::driver_cross_shard_e2e::tests::cross_shard_txn_commits_and_applies_on_both_shards ... ok
test accord::durability::tests::durability_service_health_check ... ok
test accord::durability::tests::durability_service_periodic ... ok
test accord::driver_cross_shard_e2e::tests::unconditional_txn_skips_read_vote_and_applies_on_both_shards ... ok
test accord::durability::tests::durability_service_startup_catch_up ... ok
test accord::durability::tests::exclusive_sync_point_all_shards_applied ... ok
test accord::durability::tests::durability_service_under_load ... ok
test accord::durability::tests::exclusive_sync_point_mixed_batch ... ok
test accord::durability::tests::exclusive_sync_point_partial_applied ... ok
test accord::electorate::tests::electorate_stale_epoch_response ... ok
test accord::electorate::tests::electorate_vote_validation ... ok
test accord::electorate::tests::electorate_shrink_quorum_resize ... ok
test accord::electorate::tests::join_electorate_four_gates ... ok
test accord::electorate::tests::join_electorate_premature_rejected ... ok
test accord::electorate::tests::join_electorate_receives_history ... ok
test accord::epoch::tests::epoch_mismatch_slow_path_fallback ... ok
test accord::epoch::tests::epoch_mismatch_all_replicas ... ok
test accord::epoch::tests::epoch_propagation_all_messages ... ok
test accord::epoch_drain::tests::epoch_drain_cross_epoch_txn ... ok
test accord::epoch_drain::tests::epoch_drain_period ... ok
test accord::epoch_drain::tests::epoch_drain_timeout_abort ... ok
test accord::finalized::tests::a_recorded_txn_is_decided_and_its_neighbours_are_not ... ok
test accord::finalized::tests::recording_below_the_floor_stores_nothing ... ok
test accord::finalized::tests::the_floor_never_falls ... ok
test accord::finalized::tests::capacity_evicts_the_oldest_into_the_floor_so_it_stays_decided ... ok
test accord::handlers::tests::a_not_exists_read_vote_abstains ... ok
test accord::finalized::tests::advancing_the_horizon_drops_only_what_the_floor_covers ... ok
test accord::handlers::tests::absent_no_write_apply_acks_and_releases_merged_dependency ... ok
test accord::handlers::tests::an_undecodable_read_vote_abstains ... ok
test accord::handlers::tests::accord_preaccept_v2_unions_deps_across_keys_over_the_wire ... ok
test accord::handlers::tests::accord_apply_v2_applies_full_writeset_and_acks ... ok
test accord::handlers::tests::publish_accord_state_shares_the_same_instance_with_the_handler ... ok
test accord::handlers::tests::await_txn_applied_reports_success_for_an_applied_transaction ... ok
test accord::jepsen_bank::tests::jepsen_write_skew ... ok
test accord::jepsen_nemesis::tests::jepsen_full_nemesis_suite ... ok
test accord::jepsen_bank::tests::jepsen_bank_atomicity ... ok
test accord::jepsen_nemesis::tests::jepsen_long_fork ... ok
test accord::leaseholder::tests::leaseholder_assignment_from_token_ring ... ok
test accord::jepsen_nemesis::tests::jepsen_monotonic_reads ... ok
test accord::jepsen_bank::tests::jepsen_bank_no_negative_balance ... ok
test accord::leaseholder::tests::leaseholder_epoch_bounded ... ok
test accord::handlers::tests::await_txn_applied_refuses_at_its_bound_when_a_dependency_never_applies ... ok
test accord::leaseholder::tests::leaseholder_failover_update ... ok
test accord::leaseholder::tests::leaseholder_local_conflict_check ... ok
test accord::leaseholder::tests::stale_leaseholder_detection ... ok
test accord::linearizable_read::tests::linearizable_read_dep_check ... ok
test accord::linearizable_read::tests::linearizable_read_multiple_pending ... ok
test accord::linearizable_read::tests::linearizable_read_no_conflict ... ok
test accord::linearizable_read::tests::linearizable_read_waits_for_apply ... ok
test accord::metrics::tests::metrics_accord_fast_path_ratio ... ok
test accord::metrics::tests::metrics_accord_recovery_in_progress ... ok
test accord::metrics::tests::metrics_conflict_index_size ... ok
test accord::metrics::tests::metrics_accord_txn_in_flight ... ok
test accord::metrics::tests::metrics_deadlock_detected ... ok
test accord::metrics::tests::metrics_dep_wait_duration_p99 ... ok
test accord::metrics::tests::metrics_reorder_buffer_depth ... ok
test accord::metrics::tests::metrics_protocol_log_size_bytes ... ok
test accord::metrics::tests::metrics_skew_max_ns ... ok
test accord::proptests::tests::proptest_conflicting_txns_always_in_deps ... ok
test accord::proptests::tests::proptest_duplicate_preaccept_replies_do_not_form_quorum ... ok
test accord::proptests::tests::proptest_late_duplicate_votes_are_idempotent ... ok
test accord::proptests::tests::proptest_no_duplicate_timestamps ... ok
test accord::proptests::tests::proptest_accept_quorum_keeps_dependency_union ... ok
test accord::proptests::tests::proptest_duplicate_accept_replies_do_not_form_quorum ... ok
test accord::proptests::tests::proptest_recovery_always_selects_same_value ... ok
test accord::quorum_availability::losing_the_quorum_fails_promptly_and_names_the_quorum ... ok
test accord::proptests::tests::proptest_ballot_invariant_never_violated ... ok
test accord::recovery::tests::recover_nack_lower_ballot ... ok
test accord::recovery::tests::recover_reports_superseding_txns ... ok
test accord::recovery::tests::recover_reports_waiting_txns ... ok
test accord::recovery::tests::recover_runs_preaccept_if_unseen ... ok
test accord::recovery::tests::recover_updates_promised_not_accepted ... ok
test accord::recovery::tests::recovery_majority_quorum ... ok
test accord::recovery::tests::recovery_selects_by_accepted_ballot ... ok
test accord::recovery_scenarios::tests::leader_loss_recovery_replays_commit_idempotently_after_election ... ok
test accord::quorum_availability::a_snapshot_barrier_and_a_commit_whose_preaccepts_cross_do_not_deadlock ... ok
test accord::recovery_scenarios::tests::recovered_node_catches_up_missed_commit_to_consistent_state ... ok
test accord::recovery_scenarios::tests::scenario_coordinator_crash_after_accept ... ok
test accord::recovery_scenarios::tests::scenario_coordinator_crash_after_commit ... ok
test accord::recovery_scenarios::tests::scenario_duplicate_recover_is_idempotent ... ok
test accord::recovery_scenarios::tests::scenario_coordinator_crash_after_preaccept ... ok
test accord::recovery_scenarios::tests::scenario_recover_after_accept_different_ballot ... ok
test accord::recovery_scenarios::tests::scenario_recover_selects_highest_accepted_ballot ... ok
test accord::recovery_scenarios::tests::scenario_recovery_with_no_accepted_state ... ok
test accord::recovery_scenarios::tests::scenario_recovery_with_superseding_txn ... ok
test accord::recovery_scenarios::tests::scenario_recovery_with_wait_set ... ok
test accord::recovery_scenarios::tests::scenario_three_recoveries_escalating_ballots ... ok
test accord::recovery_scenarios::tests::scenario_two_recoveries_same_txn ... ok
test accord::reorder_buffer::tests::reorder_buffer_deadline_formula ... ok
test accord::reorder_buffer::tests::reorder_buffer_delivers_in_t0_order ... ok
test accord::reorder_buffer::tests::reorder_buffer_drain_ready_releases_exactly_the_contiguous_ready_prefix ... ok
test accord::reorder_buffer::tests::reorder_buffer_empty_after_drain ... ok
test accord::reorder_buffer::tests::reorder_buffer_len_and_capacity_are_accounted_exactly ... ok
test accord::reorder_buffer::tests::reorder_buffer_drains_medium_batch_completely_and_in_t0_order ... ok
test accord::reorder_buffer::tests::reorder_buffer_matches_reference_model_over_randomized_push_drain_sequences ... ok
test accord::reorder_buffer::tests::reorder_buffer_orders_all_three_message_arrival_permutations_deterministically ... ok
test accord::reorder_buffer::tests::reorder_buffer_overflow_backpressure ... ok
test accord::reorder_buffer::tests::reorder_buffer_preserves_arrival_order_for_equal_timestamps ... ok
test accord::reorder_buffer::tests::reorder_buffer_preserves_arrival_order_within_equal_t0_across_interleaved_keys ... ok
test accord::reorder_buffer::tests::reorder_buffer_releases_after_deadline ... ok
test accord::shard_quorum::tests::ack_from_non_replica_is_ignored ... ok
test accord::reorder_buffer::tests::reorder_buffer_returns_every_message_exactly_once_across_interleaved_drains ... ok
test accord::shard_quorum::tests::both_shards_reaching_quorum_commits ... ok
test accord::shard_quorum::tests::from_per_key_matches_build ... ok
test accord::shard_quorum::tests::all_reached_matches_per_shard_oracle ... ok
test accord::shard_quorum::tests::minority_in_one_shard_blocks_the_whole_txn ... ok
test accord::shard_quorum::tests::overlapping_replica_counts_for_every_shard_it_owns ... ok
test accord::shard_quorum::tests::participant_set_collapses_keys_with_identical_replicas_to_one_shard ... ok
test accord::shard_quorum::tests::participant_set_dedups_replicas_within_a_key ... ok
test accord::shard_quorum::tests::participant_set_distinct_replica_sets_become_distinct_shards ... ok
test accord::shard_quorum::tests::record_is_idempotent_per_node ... ok
test accord::shard_quorum::tests::participant_set_overlapping_but_unequal_sets_are_distinct_shards ... ok
test accord::shard_quorum::tests::single_shard_needs_slow_quorum ... ok
test accord::state_machine::tests::a_late_preaccept_after_finalize_is_refused_as_already_decided ... ok
test accord::state_machine::tests::a_dependency_forgotten_by_both_state_and_graph_does_not_park_the_waiter ... ok
test accord::state_machine::tests::a_new_txn_on_the_same_keys_still_works_after_a_late_preaccept_is_refused ... ok
test accord::state_machine::tests::a_parked_apply_is_released_when_its_dependency_commits_after_it ... ok
test accord::state_machine::tests::a_preaccept_delayed_past_prune_applied_does_not_resurrect_the_txn ... ok
test accord::state_machine::tests::a_restart_between_finalize_and_the_late_preaccept_still_refuses_it ... ok
test accord::state_machine::tests::absent_no_write_dependency_releases_parked_apply ... ok
test accord::state_machine::tests::accept_after_commit ... ok
test accord::state_machine::tests::accept_after_preaccept ... ok
test accord::state_machine::tests::accept_normal ... ok
test accord::state_machine::tests::accept_nack_lower_ballot ... ok
test accord::state_machine::production_wiring_tests::production_apply_failure_does_not_fake_applied ... ok
test accord::state_machine::tests::accept_preserves_newly_observed_preaccept_dependencies ... ok
test accord::state_machine::tests::accept_skipped_preaccept ... ok
test accord::state_machine::tests::apply_still_waits_for_a_dependency_that_executes_before_it ... ok
test accord::state_machine::tests::apply_waits_for_a_dependency_whose_later_t_is_only_proposed ... ok
test accord::state_machine::tests::apply_does_not_wait_for_a_dependency_that_executes_after_it ... ok
test accord::state_machine::tests::commit_idempotent ... ok
test accord::state_machine::tests::commit_sets_final_timestamp ... ok
test accord::state_machine::tests::commit_wakes_dep_waiters ... ok
test accord::state_machine::tests::commit_witnesses_execution_ts_into_shared_clock ... ok
test accord::state_machine::tests::configured_bounds_are_stable_across_calls ... ok
test accord::state_machine::production_wiring_tests::production_state_machine_persists_applied_lwt_to_engine ... ok
test accord::state_machine::tests::dep_detail_names_absent_dependencies_separately ... ok
test accord::state_machine::tests::multi_key_apply_fsyncs_applied_marker_once_per_txn ... ok
test accord::state_machine::tests::multi_key_apply_routes_every_write_to_the_applier ... ok
test accord::state_machine::tests::preaccept_after_no_write_finalize_does_not_resurrect_the_conflict ... ok
test accord::state_machine::tests::preaccept_conflict_bumps_timestamp ... ok
test accord::state_machine::tests::preaccept_bumps_past_committed_conflicts_execution_ts_not_t0 ... ok
test accord::state_machine::tests::preaccept_epoch_mismatch ... ok
test accord::state_machine::tests::preaccept_idempotent_on_duplicate ... ok
test accord::state_machine::tests::preaccept_nack_if_higher_ballot_seen ... ok
test accord::state_machine::tests::preaccept_no_conflict_fast_path ... ok
test accord::state_machine::tests::preaccept_registers_in_conflict_index ... ok
test accord::state_machine::tests::prune_applied_preserves_in_flight_transactions ... ok
test accord::state_machine::tests::prune_applied_removes_completed_transactions ... ok
test accord::state_machine::tests::pruning_the_finalized_record_never_drops_a_needed_tombstone ... ok
test accord::state_machine::tests::single_key_handle_apply_still_fsyncs_exactly_one_marker ... ok
test accord::state_machine::tests::sm_accept_clears_preaccept ... ok
test accord::state_machine::tests::sm_accept_deps_use_t_not_t0 ... ok
test accord::state_machine::tests::sm_accept_persists_before_reply ... ok
test accord::state_machine::tests::sm_accept_updates_accepted_ballot ... ok
test accord::state_machine::tests::sm_apply_clears_committed ... ok
test accord::state_machine::tests::sm_apply_invokes_storage_applier_with_mutation ... ok
test accord::state_machine::tests::sm_apply_is_dep_ordered_parks_until_dependency_applies ... ok
test accord::state_machine::tests::sm_apply_persists_before_flag ... ok
test accord::state_machine::tests::sm_commit_clears_accepted ... ok
test accord::state_machine::tests::sm_crash_between_persist_and_flag ... ok
test accord::state_machine::tests::sm_crash_during_accept_fsync_does_not_advance ... ok
test accord::state_machine::tests::sm_crash_during_commit_fsync_does_not_advance ... ok
test accord::state_machine::tests::sm_deps_missing_is_unsafe ... ok
test accord::state_machine::tests::sm_deps_superset_is_safe ... ok
test accord::state_machine::tests::sm_deps_union_across_quorum ... ok
test accord::state_machine::tests::sm_higher_ballot_preempts_lower ... ok
test accord::state_machine::tests::sm_idempotent_commit ... ok
test accord::apply::tests::parked_write_sets_spill_so_residency_is_bounded_not_proportional_to_payload ... ok
test accord::state_machine::tests::sm_idempotent_preaccept ... ok
test accord::state_machine::tests::sm_nack_carries_promised_ballot ... ok
test accord::state_machine::tests::sm_preaccept_ballot_zero ... ok
test accord::state_machine::tests::sm_preaccept_deps_from_conflict_index ... ok
test accord::state_machine::tests::sm_preaccept_deps_use_t0_not_t ... ok
test accord::state_machine::tests::sm_preaccept_multi_key_t_bumps_past_conflict_on_any_key ... ok
test accord::state_machine::tests::sm_preaccept_multi_key_registers_all_keys_for_conflict ... ok
test accord::state_machine::tests::sm_preaccept_multi_key_unions_deps_across_keys ... ok
test accord::state_machine::tests::sm_preaccept_persists_before_reply ... ok
test accord::state_machine::tests::sm_preaccept_registers_every_key_of_a_multi_key_write_set ... ok
test accord::state_machine::tests::sm_preaccept_sets_pre_accepted ... ok
test accord::state_machine::tests::sm_recover_after_accept_preserves_accepted ... ok
test accord::state_machine::tests::production_constructors_admit_a_write_set_past_the_old_cap ... ok
test accord::state_machine::tests::sm_recover_updates_promised_only ... ok
test accord::state_machine::tests::sm_recovery_selection_uses_accepted_ballot ... ok
test accord::state_machine::tests::sm_reject_accept_lower_ballot ... ok
test accord::state_machine::tests::sm_reject_preaccept_after_accept ... ok
test accord::state_machine::tests::stale_postgres_snapshot_is_rejected_before_conflict_registration ... ok
test accord::state_machine::tests::the_apply_and_barrier_bounds_are_independently_tunable ... ok
test accord::state_machine::tests::txn_timeout_resolver_honours_valid_values_and_rejects_the_rest ... ok
test accord::test_cluster::tests::test_cluster_assert_consistent ... ok
test accord::test_cluster::tests::test_cluster_deterministic_delivery ... ok
test accord::test_cluster::tests::test_cluster_drop_message ... ok
test accord::test_cluster::tests::test_cluster_drain ... ok
test accord::test_cluster::tests::test_cluster_no_tokio ... ok
test accord::test_cluster::tests::test_cluster_out_of_order_delivery ... ok
test accord::transaction_commit::tests::commits_single_key_when_coordinator_is_sole_replica ... ok
test accord::transaction_commit::tests::commits_multi_key_write_set_across_shards_and_applies_every_key ... ok
test accord::transaction_commit::tests::empty_write_set_commits_without_driving_accord ... ok
test accord::transaction_commit::tests::coordinator_marks_its_own_committed_write_applied_in_its_state_machine ... ok
test accord::transaction_commit::tests::sole_replica_commit_fails_without_local_state_slot ... ok
test accord::transaction_commit::tests::postgres_mvcc_observer_reaches_state_published_after_committer_setup ... ok
test accord::transaction_commit::tests::table_tombstone_commit_refuses_without_an_all_serving_writer ... ok
test accord::transaction_commit::tests::table_tombstone_commit_fails_loud_when_a_serving_node_does_not_acknowledge ... ok
test accord::transaction_commit::tests::unplaceable_key_fails_loud ... ok
test accord::two_phase_ddl::tests::two_phase_ddl_abort_on_timeout ... ok
test accord::two_phase_ddl::tests::two_phase_ddl_concurrent_dml ... ok
test accord::two_phase_ddl::tests::two_phase_ddl_schema_change_visible ... ok
test accord::two_phase_ddl::tests::two_phase_ddl_dep_wait ... ok
test accord::uda_integration::tests::accord_delete_target_column_roundtrip ... ok
test accord::uda_integration::tests::accord_delete_target_apply_column ... ok
test accord::uda_integration::tests::accord_delete_target_apply_map_element ... ok
test accord::uda_integration::tests::accord_delete_target_map_element_roundtrip ... ok
test accord::transaction_commit::tests::table_tombstone_is_routed_to_all_serving_nodes_not_per_key_accord ... ok
test accord::uda_integration::tests::accord_delete_target_mixed_batch ... ok
test accord::uda_integration::tests::accord_deletion_lww_concurrent_replicas ... ok
test accord::uda_integration::tests::accord_deletion_lww_idempotent ... ok
test accord::transaction_commit::tests::sole_replica_commit_uses_local_state_from_populated_slot ... ok
test accord::uda_integration::tests::accord_deletion_lww_ordering ... ok
test accord::uda_integration::tests::accord_pk_indexes_after_schema_change ... ok
test accord::uda_integration::tests::accord_pk_indexes_consistent ... ok
test accord::uda_integration::tests::accord_deletion_lww_replay_order_independent ... ok
test accord::uda_integration::tests::accord_token_fn_conflict_with_point_write ... ok
test accord::uda_integration::tests::accord_token_fn_full_scan ... ok
test accord::uda_integration::tests::accord_token_fn_no_conflict_outside_range ... ok
test accord::uda_integration::tests::accord_token_fn_range_routing ... ok
test accord::wire::tests::a_region_index_that_does_not_cover_the_region_fails_loud ... ok
test accord::wire::tests::capnp_apply_v2_from_borrowed_slices_matches_the_bincode_frame ... ok
test accord::wire::tests::capnp_accord_apply_v2_decodes_to_exactly_what_the_bincode_frame_decoded_to ... ok
test accord::wire::tests::coordinator_to_replica_payloads_preserve_identity_ordering_and_payload_bytes ... ok
test accord::wire::tests::multikey_v2_payloads_roundtrip_including_single_key_degenerate_case ... ok
test accord::wire::tests::region_apply_frame_decodes_by_offset_to_the_inline_frame_bytes ... ok
test accord::wire::tests::region_apply_frame_is_smaller_than_the_inline_capnp_frame ... ok
test accord::wire::tests::replica_to_coordinator_payloads_preserve_sender_condition_and_current_row ... ok
test config::tests::cluster_config_per_dc ... ok
test config::tests::cluster_config_serde_with_node_role ... ok
test config::tests::default_config_values ... ok
test config::tests::default_raft_correctness_knobs_match_adr_012 ... ok
test config::tests::node_role_default_is_both ... ok
test config::tests::single_dc_default_keeps_node_level_fields_unchanged ... ok
test config::tests::parse_per_dc_overrides_from_env_groups_by_dc ... ok
test config::tests::node_role_serde_roundtrip ... ok
test config::tests::per_dc_overrides_serde_roundtrip ... ok
test consensus_health::tests::diagnostic_is_utf8_safe_and_fixed_capacity ... ok
test consensus_health::tests::first_failure_is_stable_and_count_is_monotonic ... ok
test consistency::tests::block_for_all ... ok
test consistency::tests::block_for_at_least_one ... ok
test consistency::tests::block_for_dc ... ok
test consistency::tests::block_for_one ... ok
test consistency::tests::block_for_never_exceeds_rf ... ok
test consistency::tests::block_for_quorum ... ok
test consistency::tests::block_for_two_capped_at_rf ... ok
test consistency::tests::consistency_serial_wire_code ... ok
test consistency::tests::from_str_roundtrip ... ok
test consistency::tests::from_str_unknown_returns_none ... ok
test controller::bootstrap::bootstrap_stream::tests::bootstrap_stream_flags_uncompleted_replica ... ok
test controller::bootstrap::bootstrap_stream::tests::bootstrap_stream_postcondition_holds_when_all_owners_complete ... ok
test controller::bootstrap::bootstrap_stream::tests::bootstrap_stream_precondition_requires_replay ... ok
test consistency::tests::quorum_is_majority ... ok
test accord::transaction_commit::tests::sole_replica_commit_rebinds_flagged_list_path_end_to_end ... ok
test controller::bootstrap::bootstrap_stream::tests::failed_sstable_stream_does_not_fall_back_to_unbounded_rows ... ok
test controller::bootstrap::bootstrap_stream::tests::small_table_row_fallback_is_partition_bounded ... ok
test controller::bootstrap::bootstrap_stream::tests::sstable_backed_table_uses_sstable_stream_before_row_materialization ... ok
test controller::bootstrap::bootstrap_stream::tests::stream_failure_reports_retry_required ... ok
test controller::bootstrap::create_raft::tests::postcondition_requires_all_three_sinks ... ok
test controller::bootstrap::create_raft::tests::precondition_requires_pools_established ... ok
test controller::bootstrap::deliver_invites::tests::deliver_invites_succeeds_to_all_peers ... ok
test controller::bootstrap::deliver_invites::tests::postcondition_lists_missing_peers ... ok
test controller::bootstrap::deliver_invites::tests::precondition_rejects_non_forming_mode ... ok
test controller::bootstrap::drain_queue::tests::drain_queue_flags_non_empty_channel ... ok
test controller::bootstrap::drain_queue::tests::drain_queue_flags_unapplied_op ... ok
test controller::bootstrap::drain_queue::tests::drain_queue_postcondition_holds_when_empty_and_applied_matches ... ok
test controller::bootstrap::drain_queue::tests::drain_queue_precondition_requires_promoted ... ok
test controller::bootstrap::establish_pools::tests::pools_postcondition_holds_when_both_lanes_live_for_every_peer ... ok
test controller::bootstrap::establish_pools::tests::postcondition_flags_peer_missing_data_lane ... ok
test controller::bootstrap::establish_pools::tests::postcondition_flags_unknown_peer ... ok
test controller::bootstrap::establish_pools::tests::precondition_rejects_empty_peer_set ... ok
test controller::bootstrap::phase::tests::bootstrap_phase_pre_post_conditions ... ok
test controller::bootstrap::promote::tests::promote_flags_member_in_joining_state ... ok
test controller::bootstrap::promote::tests::promote_rejects_empty_map ... ok
test controller::bootstrap::promote::tests::promote_postcondition_holds_when_all_members_normal ... ok
test controller::bootstrap::replay_schema::tests::election_window_failures_are_retryable_and_encoding_failures_are_not ... ok
test controller::bootstrap::replay_schema::tests::nothing_pending_converges_and_nothing_retryable_gives_up ... ok
test controller::bootstrap::replay_schema::tests::precondition_requires_leader_in_map ... ok
test controller::bootstrap::replay_schema::tests::replay_postcondition_flags_divergent_follower ... ok
test controller::bootstrap::replay_schema::tests::replay_postcondition_holds_when_all_nodes_match_leader ... ok
test controller::bootstrap::replay_schema::tests::report_round_resends_only_the_retryable_operations ... ok
test controller::bootstrap::replay_schema::tests::retries_are_bounded ... ok
test controller::bootstrap::replay_schema::tests::transient_failures_are_retried_with_capped_backoff ... ok
test controller::bootstrap::retirement_gate::tests::gate_accepts_clean_window ... ok
test controller::bootstrap::retirement_gate::tests::bolt_on_retirement_gate_passes ... ok
test controller::bootstrap::retirement_gate::tests::gate_rejects_insufficient_runs ... ok
test controller::bootstrap::retirement_gate::tests::gate_rejects_runaway_term_advance ... ok
test controller::bootstrap::retirement_gate::tests::gate_rejects_storm_term_jumps ... ok
test controller::bootstrap::retirement_gate::tests::parse_manifest_reads_all_three_fields ... ok
test controller::bootstrap::tests::phase_runner_exposes_canonical_transition_order ... ok
test controller::bootstrap::util::tests::missing_error_attaches_phase_label ... ok
test controller::bootstrap::util::tests::missing_returns_diff_in_sorted_order ... ok
test controller::bootstrap::util::tests::missing_returns_none_when_observed_covers_expected ... ok
test controller::bootstrap::wait_leader::tests::elected_observation_passes_postcondition ... ok
test controller::bootstrap::wait_leader::tests::precondition_requires_raft_created ... ok
test controller::bootstrap::wait_leader::tests::timeout_observation_fails_postcondition ... ok
test controller::cluster_rejoin::tests::attempt_rejoin_fails_loud_with_no_peers ... ok
test controller::cluster_rejoin::tests::backoff_sequence_caps_at_60s ... ok
test controller::cluster_rejoin::tests::counters_are_zero_at_start ... ok
test controller::data_movement::tests::a_bootstrap_with_no_source_is_refused ... ok
test controller::data_movement::tests::a_failed_stream_does_not_commit_leave_node ... ok
test controller::data_movement::tests::a_local_read_error_does_not_commit_leave_node ... ok
test controller::data_movement::tests::a_short_apply_does_not_commit_leave_node ... ok
test controller::data_movement::tests::a_verified_bootstrap_records_then_promotes ... ok
test controller::data_movement::tests::an_interrupted_bootstrap_records_nothing_and_does_not_promote ... ok
test controller::data_movement::tests::bootstrap_plan_pulls_every_owned_range_from_every_current_replica ... ok
test controller::data_movement::tests::membership_transfer_encodes_static_row_and_partition_deletion ... ok
test controller::data_movement::tests::replica_ranges_are_streamed_not_only_primary_ranges ... ok
test controller::data_movement::tests::the_last_replica_cannot_leave ... ok
test controller::data_movement::tests::the_wrap_range_is_split_into_two_segments ... ok
test controller::dissolution::tests::a_dissolved_node_admits_only_its_partner ... ok
test controller::invite::tests::a_released_reservation_lets_the_next_attempt_through ... ok
test controller::invite::tests::a_successful_delivery_still_holds_the_cooldown ... ok
test controller::invite::tests::connect_cooldown_allows_retry_after_window ... ok
test controller::invite::tests::connect_cooldown_bounds_attempts_for_unreachable_peers ... ok
test controller::invite::tests::releasing_a_stale_reservation_does_not_clear_a_newer_one ... ok
test controller::jsonb_gate::tests::jsonb_ddl_permitted_only_standalone ... ok
test controller::membership::decommission_drain_tests::a_draining_node_is_not_promoted_by_the_recovery_pass ... ok
test controller::membership::streaming_contract_tests::decommission_streaming_must_not_materialize_all_partitions ... ok
test controller::membership::streaming_contract_tests::existing_member_metadata_refresh_commits_hostname_when_internode_broadcast_present ... ok
test accord::state_machine::tests::a_million_key_preaccept_registers_whole_and_votes ... ok
test controller::membership::streaming_contract_tests::existing_member_metadata_refresh_updates_local_ring_snapshot_without_losing_tokens ... ok
test controller::membership::streaming_contract_tests::node_info_addr_falls_back_to_socket_addr_without_advertised_hostname ... ok
test controller::membership::streaming_contract_tests::node_info_addr_prefers_advertised_internode_hostname_over_resolved_ip ... ok
test controller::peer_plan::tests::cluster_connect_existing_member_plans_join_and_invite_when_not_recently_invited ... ok
test controller::dissolution::tests::a_corrupt_marker_is_unreadable_not_absent ... ok
test controller::peer_plan::tests::cluster_connect_existing_member_suppresses_duplicate_invite_with_recent_reservation ... ok
test controller::peer_plan::tests::degraded_cluster_peer_connect_plans_mode_restore_only_when_committed_quorum_reached ... ok
test controller::dissolution::tests::marker_round_trips_and_absent_is_none ... ok
test controller::peer_plan::tests::peer_recovered_in_cluster_plans_invite_and_hint_delivery_independently ... ok
test controller::peer_plan::tests::quorum_regained_in_process_only_restores_the_mode ... ok
test controller::peer_plan::tests::returning_member_without_raft_rejoins_by_initialising_it ... ok
test controller::tests::a_dial_to_our_own_address_on_another_peers_behalf_is_refused ... ok
test controller::tests::bootstrap_attempts_sstable_bulk_before_range_materialization ... ok
test controller::tests::bootstrap_silent_failure_counts_exposes_three_counters ... ok
test accord::handlers::tests::slow_fsync_does_not_freeze_the_runtime_serving_preaccepts ... ok
test controller::tests::cluster_invite_dials_a_cross_host_peer_on_the_shared_port ... ok
test controller::tests::a_dissolved_node_refuses_to_start_raft ... ok
test controller::tests::an_inbound_peer_is_registered_in_the_raft_node_map ... ok
test controller::tests::cluster_invite_dials_the_peers_own_port_not_ours ... ok
test controller::tests::approved_node_passes_approval_check ... ok
test controller::tests::cluster_invite_keeps_live_peer_when_payload_advertises_older_address ... ok
test controller::tests::an_unconfigured_controller_ignores_a_marker_on_the_host ... ok
test controller::tests::auto_join_bypasses_approval ... ok
test controller::tests::cluster_invite_never_plans_a_dial_to_our_own_address_for_another_peer ... ok
test controller::tests::cluster_membership_forward_handler_is_registered_before_waiting_for_leader ... ok
test controller::tests::cluster_reconnect_invite_is_rate_limited_when_join_is_deduped ... ok
test controller::tests::a_refused_pair_transition_must_not_leave_a_pair_write_path ... ok
test controller::tests::cluster_reconnect_rebroadcasts_invite_even_when_join_is_deduped ... ok
test controller::tests::configured_cluster_readiness_requires_declared_committed_voters ... ok
test controller::tests::connected_peer_tracking_updates_existing_peer_address ... ok
test controller::tests::ddl_during_forming_queues_and_replays ... ok
test controller::tests::approved_peer_triggers_join_in_cluster_mode ... ok
test controller::tests::bootstrap_streaming_produces_mutations_for_remote_nodes ... ok
test controller::tests::deterministic_token_generation_is_stable ... ok
test controller::tests::concurrent_mode_transitions_serialize ... ok
test controller::tests::controller_mutex_does_not_propagate_poison ... ok
test controller::tests::configured_three_node_pair_primary_is_not_cql_ready ... ok
test controller::tests::connected_peers_tracked_and_cleared ... ok
test controller::tests::cluster_formation_keeps_each_co_located_peers_own_port ... ok
test controller::tests::degraded_pair_serves_stale_reads ... ok
test controller::tests::decommission_requires_raft ... ok
test controller::tests::downgrade_to_pair_is_refused_unless_the_node_is_a_cluster_member ... ok
test controller::tests::downgrade_to_pair_is_refused_when_no_member_was_taken_down ... ok
test controller::tests::downgrade_to_pair_is_refused_with_no_connected_peer ... ok
test controller::tests::downgrade_to_pair_is_refused_while_no_node_is_down ... ok
test controller::tests::downgrade_to_pair_is_refused_when_the_named_peer_is_not_a_member ... ok
test controller::tests::downgrade_to_pair_is_refused_without_a_running_raft_group ... ok
test controller::tests::drain_ddl_queue_returns_zero_for_empty_channel ... ok
test controller::tests::downgrade_to_pair_is_refused_without_cluster_membership ... ok
test controller::tests::downgrade_to_pair_is_refused_without_a_named_peer ... ok
test controller::tests::existing_cluster_member_does_not_queue_duplicate_join ... ok
test controller::tests::force_promote_increments_epoch ... ok
test controller::tests::formation_rf_defaults_to_1_with_no_user_keyspaces ... ok
test controller::tests::formation_rf_extracted_from_nts_keyspace ... ok
test controller::tests::formation_rf_extracted_from_simple_strategy_keyspace ... ok
test controller::tests::existing_cluster_member_with_changed_addr_requeues_join_refresh ... ok
test controller::tests::formation_rf_takes_max_across_keyspaces ... ok
test controller::tests::force_promote_sets_direct_write_path ... ok
test controller::tests::fresh_seed_with_no_persisted_raft_state_still_initializes_membership ... ok
test controller::tests::inbound_peer_address_change_refreshes_live_outbound_pool ... ok
test controller::tests::inbound_peer_reverse_address_falls_back_when_advertisement_is_unusable ... ok
test controller::tests::inbound_peer_reverse_address_prefers_advertised_nonuniform_port ... ok
test controller::tests::existing_cluster_member_without_outbound_pool_requeues_join_refresh ... ok
test controller::tests::existing_inbound_cluster_member_with_ephemeral_source_port_does_not_queue_duplicate_join ... ok
test controller::tests::initial_raft_membership_uses_local_broadcast_address_for_seed ... ok
test controller::tests::internode_broadcast_hostname_is_advertised_and_committed_not_a_frozen_ip ... ok
test controller::tests::invite_cooldown_allows_retry_after_interval ... ok
test controller::tests::existing_cluster_member_with_placeholder_peer_entry_requeues_join_refresh ... ok
test controller::tests::invite_initiator_falls_back_to_its_advertised_address_then_to_our_port_loudly ... ok
test controller::tests::formation_emits_reduced_durability_warning_counter_when_rf_less_than_configured ... ok
test controller::tests::invite_initiator_is_recorded_at_its_known_internode_address ... ok
test controller::tests::is_cql_ready_pair_secondary_returns_false ... ok
test controller::tests::join_generates_correct_token_count ... ok
test controller::tests::keyspace_needs_cluster_replay_excludes_builtin_system_keyspaces ... ok
test controller::tests::is_cql_ready_standalone_returns_true ... ok
test controller::tests::keyspace_needs_cluster_replay_includes_system_graph_keyspaces ... ok
test controller::tests::no_controller_code_sets_the_mode_outside_the_state_machine ... ok
test controller::tests::lower_host_id_takes_primary_role ... ok
test controller::tests::only_the_raft_leader_may_send_a_schema_snapshot ... ok
test controller::tests::pair_dissolve_handler_replies_with_a_named_refusal ... ok
test controller::tests::pair_mode_reaches_an_inbound_peer_at_its_advertised_internode_address ... ok
test controller::tests::peer_event_plan_cluster_connect_existing_member_triggers_join_and_invite ... ok
test controller::tests::peer_event_plan_cluster_connect_suppresses_duplicate_invite_with_recent_reservation ... ok
test controller::tests::peer_connect_transitions_to_pair ... ok
test controller::tests::on_peer_connected_registers_peer_host_id_in_raft_node_map ... ok
test controller::tests::peer_event_plan_degraded_cluster_restores_only_after_committed_quorum ... ok
test controller::tests::peer_disconnect_transitions_to_degraded ... ok
test controller::tests::peer_event_plan_recovered_cluster_peer_invites_and_delivers_hints_independently ... ok
test controller::tests::invite_handler_dials_the_invited_address_on_any_co_located_layout ... ok
test controller::tests::peer_manager_registration_installs_membership_forward_nack_before_cluster_mode ... ok
test controller::tests::promote_from_degraded_pair_restores_writes ... ok
test controller::tests::progressive_join_standalone_to_pair_to_cluster ... ok
test controller::tests::raft_membership_refresh_plan_uses_topology_addresses ... ok
test controller::tests::raft_membership_repair_detects_empty_committed_node_address ... ok
test controller::tests::reconnect_invite_plan_includes_self_and_excludes_recipient ... ok
test controller::tests::reconnect_invite_plan_returns_none_when_no_peer_addresses_available ... ok
test controller::tests::reconnect_invite_reservation_is_atomic_under_burst_callbacks ... ok
test controller::tests::raft_accessor_returns_none_before_init ... ok
test controller::tests::recovered_topology_refresh_plan_repairs_tokens_for_every_voter ... ok
test controller::tests::recovered_topology_refresh_plan_uses_current_live_addresses ... ok
test controller::tests::recovered_topology_restart_skips_bootstrap_streaming ... ok
test controller::tests::reverse_inbound_race_does_not_promote_joiner_to_primary ... ok
test controller::tests::schema_snapshot_includes_user_tables_for_bootstrap ... ok
test controller::tests::resetting_a_stranded_node_rejects_an_oversized_membership_marker ... ok
test controller::tests::seed_restart_with_only_persisted_vote_or_log_still_initializes_membership ... ok
test controller::tests::seed_restart_with_recovered_membership_skips_initialize ... ok
test controller::tests::seed_restart_with_recovered_topology_backed_membership_skips_initialize ... ok
test controller::tests::seed_restart_with_recovered_topology_but_empty_membership_skips_initialize ... ok
test controller::tests::resetting_a_stranded_node_keeps_its_cluster_membership ... ok
test controller::tests::self_connection_does_not_advance_cluster_formation ... ok
test controller::tests::stale_inbound_refresh_cannot_overwrite_newer_peer_address ... ok
test controller::tests::set_promote_epoch_accepts_higher_value ... ok
test controller::tests::pair_formation_dials_the_advertised_address_on_any_co_located_layout ... ok
test controller::tests::standalone_inbound_peer_transitions_to_pair ... ok
test controller::tests::second_peer_transitions_to_cluster ... ok
test controller::tests::standalone_mode_accepts_peer_and_transitions_to_pair ... ok
test controller::tests::starts_in_standalone_mode ... ok
test controller::tests::cluster_formation_dials_each_peer_at_its_own_port_on_any_co_located_layout ... ok
test controller::tests::the_automatic_pair_transition_is_still_refused_for_a_cluster ... ok
test controller::tests::switchover_is_refused_when_the_peer_does_not_confirm_schema_convergence ... ok
test controller::token::tests::deterministic_tokens_are_stable_across_calls ... ok
test controller::token::tests::deterministic_tokens_differ_across_node_ids ... ok
test controller::token::tests::divergent_member_lists_produce_divergent_token_ownership ... ok
test controller::token::tests::nodes_seeding_only_self_then_replicating_converge_to_identical_token_map ... ok
test controller::tests::unapproved_node_rejected ... ok
test coordinator::batch::tests::batchlog_delete_handler_removes_entry ... ok
test controller::tests::transition_to_cluster_uses_keyspace_rf_not_hardcoded_1 ... ok
test coordinator::batch::tests::batchlog_replay_handler_applies_mutations ... ok
test controller::tests::switchover_converges_the_peer_schema_before_swapping_roles ... ok
test controller::tests::switchover_is_refused_while_the_catch_up_replay_is_incomplete ... ok
test coordinator::batch::tests::batchlog_replay_task_skips_fresh_entries ... ok
test coordinator::batch::tests::batchlog_replay_task_replays_stale_entries ... ok
test coordinator::cl_routing::tests::all_includes_token_owning_learner ... ok
test coordinator::cl_routing::tests::all_routes_through_accord_serial_still_deferred ... ok
test coordinator::batch::tests::batchlog_write_handler_stores_entry ... ok
test coordinator::cl_routing::tests::each_quorum_routes_through_accord_in_multi_dc ... ok
test coordinator::cl_routing::tests::into_result_short_circuits_only_not_implemented ... ok
test coordinator::cl_routing::tests::local_one_routes_to_any_local_replica ... ok
test coordinator::cl_routing::tests::local_quorum_excludes_learners_from_quorum ... ok
test coordinator::cl_routing::tests::local_quorum_routes_within_dc ... ok
test coordinator::cl_routing::tests::quorum_excludes_learners_from_quorum ... ok
test coordinator::cl_routing::tests::quorum_routes_through_accord_in_multi_dc ... ok
test coordinator::cl_routing::tests::serial_forces_leader_round_trip_skips_learner ... ok
test coordinator::batch::tests::coordinate_logged_batch_local_only ... ok
test coordinator::fulltext_coverage::tests::a_failed_node_whose_ranges_are_covered_elsewhere_is_complete ... ok
test coordinator::fulltext_coverage::tests::a_range_whose_every_owner_failed_is_incomplete ... ok
test coordinator::fulltext_coverage::tests::a_range_with_no_responding_owner_is_incomplete ... ok
test coordinator::fulltext_coverage::tests::a_responder_that_owns_no_range_covers_nothing ... ok
test coordinator::fulltext_coverage::tests::all_uncovered_ranges_are_reported ... ok
test coordinator::fulltext_coverage::tests::an_empty_ring_is_trivially_complete ... ok
test coordinator::fulltext_coverage::tests::completeness_depends_on_coverage_not_on_failure_count ... ok
test coordinator::fulltext_coverage::tests::every_node_responding_is_complete ... ok
test coordinator::fulltext_coverage::tests::no_responders_leaves_every_range_uncovered ... ok
test coordinator::fulltext_coverage::tests::one_responder_covers_a_fully_replicated_ring ... ok
test coordinator::fulltext_stream::tests::a_fulltext_walk_with_io_progress_keeps_heartbeating ... ok
test coordinator::fulltext_stream::tests::a_stuck_fulltext_walk_sends_no_heartbeats ... ok
test coordinator::fulltext_stream::tests::cancel_stops_stream_without_done ... ok
test coordinator::fulltext_stream::tests::a_stuck_outbound_send_stops_the_local_fulltext_walk ... ok
test coordinator::fulltext_stream::tests::chunks_keys_then_emits_done ... ok
test coordinator::fulltext_stream::tests::consume_dropped_forward_is_early_stop ... ok
test coordinator::fulltext_stream::tests::consume_forwards_batches_then_done ... ok
test coordinator::fulltext_stream::tests::consume_route_close_before_done_is_an_error ... ok
test coordinator::fulltext_stream::tests::consume_truncated_done_is_an_error ... ok
test coordinator::fulltext_stream::tests::empty_walk_emits_only_done ... ok
test coordinator::fulltext_stream::tests::walk_error_terminates_truncated_without_partial_keys ... ok
test coordinator::metrics::tests::metrics_default_zero ... ok
test coordinator::metrics::tests::metrics_increment_and_render ... ok
test coordinator::metrics::tests::metrics_thread_safe ... ok
test coordinator::range_read_stream::tests::a_completed_source_still_ends_the_scan_cleanly ... ok
test coordinator::range_read_stream::tests::a_failing_replica_fails_the_merged_index_stream ... ok
test coordinator::range_read_stream::tests::a_silent_local_index_source_fails_the_merge_loudly ... ok
test coordinator::range_read_stream::tests::a_live_source_behind_a_silent_one_is_still_polled ... ok
test coordinator::range_read_stream::tests::a_silent_first_source_must_not_wedge_the_merge ... ok
test coordinator::range_read_stream::tests::a_silent_local_source_must_not_wedge_the_whole_merge ... ok
test coordinator::range_read_stream::tests::a_slow_local_index_source_is_not_killed ... ok
test coordinator::range_read_stream::tests::a_stream_delivering_data_outlives_the_no_data_deadline ... ok
test coordinator::range_read_stream::tests::channel_closed_before_done_is_retryable_read_timeout ... ok
test coordinator::range_read_stream::tests::cl_remote_count_rf_equals_cluster ... ok
test coordinator::range_read_stream::tests::cl_remote_count_rf_less_than_cluster_falls_back_to_full_fanout ... ok
test coordinator::range_read_stream::tests::clean_forwarder_close_ends_stream_without_error ... ok
test coordinator::range_read_stream::tests::coordinate_streaming_limited_rows_does_not_accumulate_via_consume_range_stream ... ok
test coordinator::range_read_stream::tests::a_slow_but_live_source_is_not_killed ... ok
test coordinator::fulltext_stream::tests::large_walk_streams_completely ... ok
test coordinator::range_read_stream::tests::decode_fault_stays_internal_non_retryable ... ok
test coordinator::range_read_stream::tests::fragment_cross_replica_merge_equiv_whole_partition_merge ... ok
test coordinator::range_read_stream::tests::fragment_nway_replica_merge_equiv_whole_partition_merge ... ok
test coordinator::range_read_stream::tests::heartbeats_without_data_fail_the_stream_at_the_no_data_deadline ... ok
test coordinator::range_read_stream::tests::idle_timeout_is_retryable_read_timeout ... ok
test coordinator::range_read_stream::tests::index_streams_merge_in_row_order_and_drop_replica_copies ... ok
test coordinator::range_read_stream::tests::nway_capped_per_partition_row_limit_equiv_whole_capped ... ok
test coordinator::range_read_stream::tests::nway_merge_surfaces_replica_failure_after_prefix ... ok
test coordinator::range_read_stream::tests::nway_merge_consumer_drop_aborts_when_parked_on_stalled_source ... ok
test coordinator::range_read_stream::tests::nway_merge_wide_partition_disjoint_subsets_delivers_union ... ok
test coordinator::range_read_stream::tests::nway_merge_wide_partition_identical_on_all_replicas_delivers_every_row ... ok
test coordinator::range_read_stream::tests::nway_merge_wide_partition_misaligned_fragment_boundaries_no_drop ... ok
test coordinator::range_read_stream::tests::the_coordinator_index_read_holds_no_result_sized_collection ... ok
test coordinator::range_read_stream::tests::the_index_read_requests_a_bounded_producer_window ... ok
test coordinator::range_read_stream::tests::paged_nway_traversal_equals_whole_nway_merge ... ok
test coordinator::range_read_stream::tests::the_whole_merge_still_merges_a_live_pair ... ok
test coordinator::range_read_stream::tests::truncated_remote_done_is_a_stream_error ... ok
test coordinator::range_read_stream::tests::unbounded_streaming_range_read_boundary_must_not_return_vec ... ok
test coordinator::range_read_stream::tests::unclean_forwarder_close_yields_loud_error_not_silent_exhaustion ... ok
test accord::apply::engine_applier_tests::prop_writeset_apply_is_atomic_all_or_nothing ... ok
test coordinator::read::tests::bounded_partition_read_keeps_data_lane ... ok
test controller::tests::raft_init_registers_handlers ... ok
test coordinator::read::tests::coordinate_range_read_empty_ring_returns_empty ... ok
test coordinator::read::tests::coordinate_range_count_errors_when_required_remote_is_unreachable ... ok
test coordinator::read::tests::coordinate_fulltext_search_errors_when_some_nodes_fail ... ok
test coordinator::read::tests::coordinate_range_count_single_node_returns_exact_local_count ... ok
test coordinator::read::tests::coordinate_index_read_in_partition_contacts_only_replicas ... ok
test coordinator::read::tests::coordinate_fulltext_search_unions_and_dedups_across_nodes ... ok
test coordinator::range_read_stream::tests::a_heartbeat_only_remote_releases_the_local_index_walker ... ok
test coordinator::read::tests::coordinate_read_absent_key_at_one_does_not_fan_out_to_remote_replicas ... ok
test coordinator::read::tests::coordinate_range_read_errors_when_every_required_remote_is_unreachable ... ok
test coordinator::read::tests::coordinate_range_read_single_node_succeeds ... ok
test coordinator::read::tests::coordinate_read_local_replica_returns_data ... ok
test coordinator::read::tests::coordinate_read_at_one_contacts_single_replica ... ok
test coordinator::read::tests::coordinate_read_local_no_stale_replicas_no_repair ... ok
test coordinator::read::tests::coordinate_read_cl_all_single_node_succeeds ... ok
test coordinator::read::tests::coordinate_read_nts_local_one_succeeds_with_single_dc_node ... ok
test coordinator::read::tests::coordinate_read_nts_quorum_with_nts_strategy ... ok
test coordinator::read::tests::coordinate_read_nts_local_quorum_reads_from_local_dc ... ok
test coordinator::read::tests::coordinate_read_nts_unavailable_when_insufficient_local_replicas ... ok
test controller::tests::cluster_invite_handler_replies_with_ack ... ok
test coordinator::read::tests::coordinate_read_quorum_reconnects_missing_digest_peer_pool ... ok
test coordinator::read::tests::coordinate_read_quorum_timeout_when_remote_replicas_fail ... ok
test coordinator::read::tests::coordinate_read_reconnects_missing_remote_peer_pool ... ok
test coordinator::read::tests::coordinate_read_quorum_uses_spare_digest_replica_when_one_remote_fails ... ok
test coordinator::read::tests::coordinate_read_returns_newest_by_timestamp ... ok
test coordinator::read::tests::exact_clustering_read_keeps_data_lane ... ok
test coordinator::read::tests::coordinate_read_returns_unavailable ... ok
test accord::apply::engine_applier_tests::multinode_subscribe_is_realtime_push_not_poll ... ok
test coordinator::read::tests::coordinate_read_uses_per_query_cl ... ok
test coordinator::read::tests::digest_mismatch_returns_newest_data_local ... ok
test coordinator::read::tests::full_refetch_returns_none_when_unreachable ... ok
test coordinator::read::tests::full_refetch_reports_an_undecodable_response_as_malformed ... ok
test coordinator::read::tests::index_read_in_partition_handler_serves_partition_restricted_rows ... ok
test coordinator::read::tests::local_range_read_limited_rows_uses_bounded_generator_storage ... ok
test controller::tests::cluster_invite_triggers_transition_from_pair_mode ... ok
test coordinator::read::tests::local_one_suffix_failure_preserves_consistency_name ... ok
test coordinator::read::tests::partition_suffix_read_fails_when_no_replica_accepts_the_operation ... ok
test coordinator::read::tests::partition_suffix_read_preserves_valid_not_found ... ok
test coordinator::read::tests::range_count_honours_requested_cl_not_node_default ... ok
test coordinator::read::tests::read_one_fallback_iterates_candidates ... ok
test coordinator::read::tests::read_one_fallback_returns_data_from_second_replica ... ok
test coordinator::read::tests::keyed_index_read_at_one_does_not_wait_for_slow_replica ... ok
test coordinator::read::tests::read_repair_carries_static_row_and_partition_deletion ... ok
test coordinator::read::tests::repair_stale_replicas_applies_local_stale_replica_directly ... ok
test coordinator::read::tests::repair_stale_replicas_empty_list_is_noop ... ok
test coordinator::read::tests::select_index_ready_replicas_all_building_returns_all ... ok
test coordinator::read::tests::select_index_ready_replicas_all_ready ... ok
test coordinator::read::tests::repair_stale_replicas_increments_metrics_on_failure ... ok
test coordinator::read::tests::select_index_ready_replicas_no_state_returns_original_order ... ok
test coordinator::read::tests::select_index_ready_replicas_prefers_ready ... ok
test coordinator::read::tests::select_index_ready_replicas_stable_sort_preserves_ready_order ... ok
test coordinator::read::tests::stale_lane_errors_trigger_peer_refresh_for_reads ... ok
test coordinator::read::tests::repair_stale_replicas_sends_to_all_stale_hosts ... ok
test coordinator::read::tests::unbounded_partition_scan_uses_bulk_lane ... ok
test coordinator::stream_consumer::tests::channel_close_before_done_surfaces_partial ... ok
test coordinator::read::tests::coordinate_range_read_limited_rows_bounds_local_replica_before_materialization ... ok
test coordinator::stream_consumer::tests::done_with_higher_chunk_count_drains_straggler ... ok
test coordinator::read::tests::streaming_range_read_serves_self_replica_locally ... ok
test coordinator::stream_consumer::tests::stalled_producer_surfaces_idle_timeout ... ok
test coordinator::stream_consumer::tests::truncated_done_fails_closed ... ok
test coordinator::stream_consumer::tests::unexpected_message_type_is_reported ... ok
test coordinator::stream_frame_router::tests::abandoned_route_stragglers_drop_silently_without_phantom_close ... ok
test coordinator::stream_frame_router::tests::chunk_frame_routed_to_registered_receiver ... ok
test coordinator::stream_frame_router::tests::chunk_heartbeat_and_done_all_route ... ok
test coordinator::read::tests::legacy_range_read_uses_bulk_lane_timeout_for_slow_remote_scan ... ok
test coordinator::stream_consumer::tests::heartbeats_keep_stream_alive_and_are_not_counted_as_chunks ... ok
test coordinator::stream_consumer::tests::single_replica_chunks_and_done_assemble_partitions_in_order ... ok
test coordinator::stream_frame_router::tests::done_before_chunk_keeps_route_open_for_consumer_straggler_drain ... ok
test coordinator::stream_frame_router::tests::full_stream_buffer_closes_route_so_consumer_fails_loudly ... ok
test coordinator::stream_frame_router::tests::missing_chunk_sequence_closes_route_so_consumer_fails_loudly ... ok
test coordinator::stream_frame_router::tests::non_streaming_frame_is_pass_through ... ok
test coordinator::stream_frame_router::tests::peek_request_id_returns_le_u32 ... ok
test coordinator::stream_consumer::tests::two_replicas_done_only_when_both_terminate ... ok
test coordinator::stream_frame_router::tests::reconnect_same_peer_continues_chunk_sequence ... ok
test coordinator::read::tests::coordinate_read_at_one_fails_over_to_remote_on_local_corruption ... ok
test coordinator::stream_frame_router::tests::reconnect_same_peer_releases_done_after_prior_chunks ... ok
test coordinator::stream_frame_router::tests::reordered_chunk_sequence_closes_route_so_consumer_fails_loudly ... ok
test coordinator::stream_frame_router::tests::sequence_gap_closes_route_once_and_drops_straggler_frames ... ok
test coordinator::stream_frame_router::tests::unregistered_request_id_is_dropped ... ok
test coordinator::stream_producer::tests::chunk_size_one_yields_one_frame_per_partition ... ok
test coordinator::read::tests::unbounded_remote_partition_read_isolated_from_data_lane_timeout ... ok
test coordinator::stream_frame_router::tests::truncated_payload_does_not_route_to_id_zero ... ok
test coordinator::stream_producer::tests::chunks_partitions_into_seq_then_emits_done ... ok
test coordinator::stream_producer::tests::empty_partitions_emits_only_done_with_zero_chunks ... ok
test coordinator::read::tests::coordinate_read_at_one_requests_repair_on_local_corruption ... ok
test coordinator::stream_producer::tests::truncated_flag_propagates_to_done ... ok
test coordinator::stream_producer::tests::zero_chunk_size_panics - should panic ... ok
test coordinator::stream_request_handler::tests::a_stuck_outbound_send_releases_the_local_stream ... ok
test coordinator::stream_request_handler::tests::a_stuck_walk_sends_no_heartbeats ... ok
test coordinator::stream_request_handler::tests::a_walk_with_io_progress_keeps_heartbeating ... ok
test coordinator::stream_request_handler::tests::a_walk_yielding_rows_below_a_chunk_keeps_heartbeating ... ok
test coordinator::stream_request_handler::tests::cancel_during_a_stuck_send_releases_the_local_stream ... ok
test coordinator::stream_request_handler::tests::empty_table_emits_only_done ... ok
test coordinator::stream_request_handler::tests::handler_forwards_start_key_to_reader ... ok
test coordinator::stream_request_handler::tests::handler_holds_at_most_chunk_size_partitions_before_first_emit ... ok
test coordinator::stream_request_handler::tests::happy_path_emits_chunks_then_done ... ok
test coordinator::stream_request_handler::tests::peer_fire_sink_refuses_to_stream_to_local_host ... ok
test coordinator::stream_request_handler::tests::partition_decode_error_emits_truncated_done_without_partial_chunks ... ok
test coordinator::stream_request_handler::tests::request_id_appears_on_every_frame ... ok
test coordinator::stream_request_handler::tests::index_request_streams_large_result_in_bounded_chunks ... ok
test coordinator::stream_request_handler::tests::rpc_handler_drops_undecodable_request ... ok
test coordinator::stream_request_handler::tests::rpc_handler_ignores_non_request_messages ... ok
test coordinator::read::tests::local_read_runs_off_the_async_worker_thread ... ok
test coordinator::stream_request_handler::tests::storage_error_emits_truncated_done_only ... ok
test coordinator::stream_request_handler::tests::stream_request_cancel_stops_reader_within_one_batch ... ok
test coordinator::stream_request_handler::tests::start_clustering_skips_delivered_prefix_of_start_partition ... ok
test coordinator::stream_request_handler::tests::window_stops_after_max_chunks_and_reports_resume ... ok
test coordinator::stream_request_handler::tests::window_larger_than_scan_completes_without_resume ... ok
test coordinator::streaming_e2e_tests::end_to_end_no_producer_trips_idle_watchdog ... ok
test coordinator::streaming_e2e_tests::an_indexed_read_unions_every_replicas_rows ... ok
test coordinator::streaming_e2e_tests::end_to_end_single_replica_streams_all_partitions ... ok
test coordinator::streaming_e2e_tests::end_to_end_two_replicas_aggregates_both_streams ... ok
test coordinator::tests::an_unrecognized_opt_out_spelling_keeps_streaming_on ... ok
test controller::tests::cluster_invite_transition_registers_raft_handlers ... ok
test coordinator::tests::coordinate_read_local_replica_reads_from_storage ... ok
test coordinator::tests::coordinate_write_local_replica_writes_to_storage ... ok
test coordinator::tests::coordinate_write_unavailable_when_too_few_replicas ... ok
test coordinator::tests::coordinator_has_repair_metrics ... ok
test coordinator::tests::fresh_coordinator_does_not_reuse_low_stream_request_ids_after_restart ... ok
test coordinator::tests::coordinator_write_read_creates_spans ... ok
test coordinator::tests::local_dc_returns_coordinator_datacenter ... ok
test coordinator::tests::mutation_forward_handler_applies_mutation ... ok
test coordinator::tests::coordinate_truncate_clears_local_data ... ok
test coordinator::tests::mutation_forward_waits_for_a_table_whose_schema_is_still_arriving ... ok
test coordinator::tests::remote_read_repair_carries_static_row_and_partition_deletion ... ok
test coordinator::tests::repair_write_handler_applies_mutation ... ok
test coordinator::tests::repair_write_handler_corrupt_body_increments_failed ... ok
test accord::apply::engine_applier_tests::prop_idempotent_replay_converges_to_highest_agreed_t ... ok
test coordinator::tests::stream_request_id_seed_uses_restart_epoch_with_wrap_headroom ... ok
test coordinator::tests::streaming_fulltext_accepts_explicit_enable_values ... ok
test coordinator::tests::repair_write_handler_ignores_wrong_message_type ... ok
test coordinator::tests::streaming_fulltext_allows_explicit_legacy_opt_out ... ok
test coordinator::tests::streaming_fulltext_is_enabled_by_default ... ok
test coordinator::tests::streaming_range_reads_accept_explicit_enable_values ... ok
test coordinator::tests::streaming_range_reads_allow_explicit_legacy_opt_out ... ok
test coordinator::tests::streaming_range_reads_are_enabled_by_default ... ok
test coordinator::tests::truncate_forward_handler_no_ack_on_missing_table ... ok
test coordinator::tests::truncate_payload_decode_rejects_truncated ... ok
test coordinator::tests::truncate_payload_encode_decode_roundtrip ... ok
test coordinator::tests::write_concurrency_limit_parses_override_else_defaults ... ok
test coordinator::tests::truncate_forward_handler_clears_data ... ok
test coordinator::write::tests::batch_partial_failure_preserves_batchlog_for_replay ... ok
test coordinator::write::blocking_storage_tests::blocking_storage_work_does_not_starve_the_runtime_worker ... ok
test coordinator::write::tests::coordinate_write_at_cl_all_replicates_to_every_replica_storage ... ok
test coordinator::write::tests::coordinate_write_fans_out_concurrently ... ok
test coordinator::write::tests::coordinate_write_local_replica_writes_to_storage ... ok
test coordinator::write::tests::coordinate_write_local_quorum_succeeds_with_one_of_three_replicas_down ... ok
test coordinator::write::tests::coordinate_write_nts_each_quorum_fails_when_dc_missing ... ok
test accord::apply::engine_applier_tests::subscribe_latency_two_connections_local_and_full_accord ... ok
test coordinator::streaming_e2e_tests::an_unwindowed_index_producer_overflows_the_route_and_fails_the_read ... ok
test coordinator::write::tests::coordinate_write_nts_local_quorum_single_dc_local_replica ... ok
test coordinator::streaming_e2e_tests::a_windowed_index_walk_delivers_every_row_exactly_once ... ok
test coordinator::write::tests::stale_lane_errors_trigger_peer_refresh_for_writes ... ok
test coordinator::write::tests::coordinate_write_nts_reconnects_missing_remote_peer_pool ... ok
test coordinator::write::tests::coordinate_write_unavailable_when_too_few_replicas ... ok
test coordinator::write::tests::coordinate_write_reconnects_missing_remote_peer_pool ... ok
test ddl_path::tests::ddl_op_serialization_roundtrip_for_forwarding ... ok
test ddl_path::tests::ddl_op_to_raft_command_alter_keyspace ... ok
test ddl_path::tests::ddl_op_to_raft_command_alter_role ... ok
test ddl_path::tests::ddl_op_to_raft_command_alter_table ... ok
test ddl_path::tests::ddl_op_to_raft_command_create_index ... ok
test ddl_path::tests::ddl_op_to_raft_command_create_keyspace ... ok
test ddl_path::tests::ddl_op_to_raft_command_create_role ... ok
test ddl_path::tests::ddl_op_to_raft_command_create_table ... ok
test ddl_path::tests::ddl_op_to_raft_command_drop_index ... ok
test ddl_path::tests::ddl_op_to_raft_command_drop_keyspace ... ok
test ddl_path::tests::ddl_op_to_raft_command_drop_role ... ok
test coordinator::write::tests::write_at_quorum_stores_hint_for_failed_replica ... ok
test coordinator::streaming_e2e_tests::windowing_does_not_change_which_rows_an_index_walk_returns ... ok
test ddl_path::tests::ddl_op_to_raft_command_drop_table ... ok
test ddl_path::tests::ddl_op_to_raft_command_grant ... ok
test ddl_path::tests::ddl_op_to_raft_command_revoke ... ok
test coordinator::write::tests::write_below_quorum_stores_hints_for_failed_replicas ... ok
test ddl_path::tests::ddl_operation_from_bytes_handles_malformed_payload ... ok
test ddl_path::tests::ddl_path_kind_names_each_variant ... ok
test coordinator::write::tests::write_to_replica_with_no_host_id_fails_and_no_hint_stored ... ok
test ddl_path::tests::ddl_path_transitions_from_direct_after_raft_init ... ok
test coordinator::streaming_e2e_tests::a_windowed_index_producer_survives_a_posting_list_larger_than_the_route ... ok
test ddl_path::tests::create_table_via_direct_registers_in_storage ... ok
test ddl_path::tests::direct_alter_keyspace ... ok
test ddl_path::tests::direct_create_and_drop_role ... ok
test ddl_path::tests::direct_alter_role ... ok
test ddl_path::tests::direct_create_keyspace_applies_locally ... ok
test ddl_path::tests::direct_drop_keyspace_removes_from_schema ... ok
test ddl_path::tests::direct_unavailable_returns_error ... ok
test ddl_path::tests::forming_ddl_path_fails_fast_when_bounded_queue_is_full ... ok
test controller::tests::raft_initializes_on_third_peer ... ok
test ddl_path::tests::node_map_lookup_missing_leader_returns_none ... ok
test ddl_path::tests::node_map_lookup_resolves_leader_uuid ... ok
test ddl_path::tests::forward_ddl_to_leader_reconnects_missing_remote_peer_pool ... ok
test ddl_path::tests::not_leader_error_display_with_id ... ok
test ddl_path::tests::not_leader_error_display_without_id ... ok
test ddl_path::tests::only_a_leaderless_refusal_is_an_election_window_rejection ... ok
test ddl_path::tests::raft_error_display ... ok
test error::tests::error_display_messages ... ok
test ddl_path::tests::test_forming_ddl_path_queues_and_returns_error ... ok
test error::tests::net_error_conversion ... ok
test ddl_path::tests::direct_drop_index_tombstones_row_in_system_schema_indexes ... ok
test hints::delivery::tests::drain_yields_all_stored_hints ... ok
test hints::delivery::tests::cleanup_resets_pending_count ... ok
test hints::delivery::tests::sweep_selects_live_peers_with_pending_hints_not_already_draining ... ok
test ddl_path::tests::direct_create_index_on_a_partition_key_column_is_wired_too ... ok
test hints::delivery::tests::sweep_selects_nothing_without_pending_hints ... ok
test ddl_path::tests::direct_create_index_wires_the_index_into_this_nodes_engine ... ok
test hints::delivery::tests::partial_drain_leaves_hints_on_disk ... ok
test hints::segment::tests::detects_crc_corruption ... ok
test hints::segment::tests::segment_rollover_at_size_limit ... ok
test hints::segment::tests::fifo_ordering_preserved ... ok
test hints::segment::tests::write_and_read_single_record ... ok
test hints::segment::tests::truncates_partial_record_on_open ... ok
test hints::tests::cleanup_deletes_consumed_segments ... ok
test hints::tests::a_hint_stored_during_delivery_survives_cleanup ... ok
test coordinator::streaming_e2e_tests::a_node_without_the_tenant_index_fails_the_read_rather_than_shortening_it ... ok
test hints::tests::budget_exceeded_rejects_without_eviction ... ok
test hints::tests::hint_store_fifo_across_segments ... ok
test hints::tests::hint_store_roundtrip ... ok
test index_coordination::tests::encode_decode_build_complete_roundtrip ... ok
test index_coordination::tests::encode_decode_build_request_roundtrip ... ok
test index_coordination::tests::index_build_complete_payload_failure_case ... ok
test index_coordination::tests::index_build_complete_payload_serde_roundtrip ... ok
test index_coordination::tests::index_build_request_payload_serde_roundtrip ... ok
test index_coordination::tests::remote_node_backend_construction ... ok
test index_coordination::tests::remote_node_backend_build_returns_not_implemented ... ok
test membership::tests::a_node_removing_itself_hands_off_leadership_whatever_its_metrics_say ... ok
test hints::tests::peers_with_pending_hints_lists_only_peers_that_have_some ... ok
test membership::tests::cluster_membership_forward_carries_typed_op ... ok
test membership::tests::membership_error_display_includes_leader ... ok
test hints::tests::pending_count_and_bytes ... ok
test membership::tests::recording_network_register_then_unregister ... ok
test pair::catchup::tests::decode_empty_body_returns_error ... ok
test pair::catchup::tests::encode_decode_catchup_response_roundtrip ... ok
test pair::catchup::tests::encode_empty_mutations_list ... ok
test pair::coordinator::tests::decode_batch_too_short_returns_error ... ok
test pair::coordinator::tests::decode_batch_truncated_at_length_prefix ... ok
test pair::coordinator::tests::decode_batch_truncated_at_mutation_body ... ok
test pair::coordinator::tests::decode_mutation_garbage_returns_error ... ok
test pair::coordinator::tests::encode_decode_batch_empty ... ok
test pair::coordinator::tests::encode_decode_batch_roundtrip ... ok
test pair::coordinator::tests::encode_decode_mutation_preserves_key ... ok
test pair::coordinator::tests::encode_decode_mutation_roundtrip ... ok
test pair::coordinator::tests::coordinator_role_and_peer_id ... ok
test pair::ddl::tests::ddl_operation_alter_keyspace_roundtrip ... ok
test pair::ddl::tests::ddl_operation_alter_role_roundtrip ... ok
test pair::ddl::tests::ddl_operation_alter_table_roundtrip ... ok
test pair::ddl::tests::ddl_operation_create_index_roundtrip ... ok
test pair::coordinator::tests::pair_write_confirmed_after_secondary_ack ... ok
test pair::ddl::tests::ddl_operation_create_keyspace_roundtrip ... ok
test pair::ddl::tests::ddl_operation_create_role_preserves_salted_hash ... ok
test pair::coordinator::tests::pair_replication_timeout_returns_error ... ok
test pair::ddl::tests::ddl_operation_create_role_roundtrip ... ok
test pair::coordinator::tests::pair_write_survives_primary_crash ... ok
test pair::ddl::tests::ddl_operation_drop_role_roundtrip ... ok
test pair::ddl::tests::ddl_operation_drop_index_roundtrip ... ok
test pair::ddl::tests::ddl_operation_create_table_roundtrip ... ok
test pair::ddl::tests::ddl_operation_create_type_roundtrip ... ok
test pair::ddl::tests::ddl_operation_drop_keyspace_roundtrip ... ok
test pair::ddl::tests::ddl_operation_drop_table_roundtrip ... ok
test pair::ddl::tests::ddl_operation_from_bytes_invalid_json_returns_error ... ok
test pair::ddl::tests::ddl_operation_drop_type_roundtrip ... ok
test pair::ddl::tests::ddl_operation_grant_roundtrip ... ok
test pair::ddl::tests::ddl_operation_revoke_roundtrip ... ok
test pair::ddl::tests::pair_replication_propagates_role_with_salted_hash ... ok
test pair::ddl::tests::wire_schema_snapshot_json_roundtrip ... ok
test pair::ddl::tests::cluster_schema_sync_refuses_to_drop_a_data_bearing_table ... ok
test pair::ddl::tests::wire_schema_snapshot_preserves_types ... ok
test pair::ddl::tests::wire_schema_snapshot_roundtrip_with_tables ... ok
test coordinator::tests::mutation_forward_for_a_table_that_never_arrives_is_not_acked ... ok
test pair::tests::inbound_connection_becomes_primary ... ok
test ddl_path::tests::direct_create_index_persists_row_to_system_schema_indexes ... ok
test pair::tests::legacy_elect_primary_higher_id_wins ... ok
test pair::tests::outbound_connection_becomes_secondary ... ok
test pair::tests::pair_role_assigned_by_connection_direction ... ok
test pair::tests::pair_state_default_not_connected ... ok
test pair::ddl::tests::pair_schema_sync_is_refused_by_a_primary_and_drops_nothing ... ok
test pair::node::tests::pair_node_elects_role_on_creation ... ok
test pair::tests::role_opposite ... ok
test raft::consensus_metrics::tests::format_metrics_emits_all_series ... ok
test raft::consensus_metrics::tests::format_metrics_follower_with_known_leader ... ok
test raft::consensus_metrics::tests::is_self_leader_matches_only_own_id ... ok
test raft::consensus_metrics::tests::openraft_fatal_state_closes_health_without_panicking ... ok
test raft::consensus_metrics::tests::record_and_render_round_trip ... ok
test pair::ddl::tests::value_written_before_failover_reads_back_after_catch_up ... ok
test pair::ddl::tests::pair_schema_sync_applies_an_alter_the_secondary_missed ... ok
test raft::group_id::tests::default_dc_is_stable ... ok
test raft::group_id::tests::display_includes_uuid ... ok
test raft::group_id::tests::raft_group_id_is_uuid_per_dc ... ok
test raft::handlers::tests::a_reply_that_cannot_be_encoded_is_refused_rather_than_faked ... ok
test raft::handlers::tests::an_encodable_reply_is_sent_verbatim ... ok
test raft::handlers::tests::borrowed_serializer_carries_complex_cell_paths ... ok
test raft::handlers::tests::digest_distinguishes_complex_cell_paths ... ok
test raft::handlers::tests::legacy_decoder_rejects_complex_cells_with_a_decode_error ... ok
test raft::handlers::tests::legacy_read_request_payload_decodes_on_new_node ... ok
test raft::handlers::tests::newest_timestamp_empty_partition ... ok
test raft::handlers::tests::newest_timestamp_from_cells ... ok
test raft::handlers::tests::no_handler_fakes_an_empty_reply_when_encoding_fails ... ok
test raft::handlers::tests::partition_digest_detects_key_difference ... ok
test raft::handlers::tests::partition_digest_detects_row_count_difference ... ok
test raft::handlers::tests::partition_digest_detects_value_difference ... ok
test raft::handlers::tests::partition_digest_is_deterministic ... ok
test raft::handlers::tests::partition_digest_stream_matches_legacy_with_multiple_rows ... ok
test raft::handlers::tests::partition_digest_streaming_matches_legacy ... ok
test raft::handlers::tests::partition_wire_roundtrip ... ok
test raft::handlers::tests::prevote_handler_rejects_a_non_prevote_message ... ok
test coordinator::tests::mutation_forward_handler_no_ack_on_write_failure ... ok
test raft::handlers::tests::prevote_request_survives_the_wire_roundtrip ... ok
test raft::handlers::tests::prevote_response_survives_the_wire_roundtrip ... ok
test pair::ddl::tests::pair_schema_sync_unregisters_a_table_the_snapshot_dropped ... ok
test raft::handlers::tests::prevote_uses_its_own_message_variant_not_raftvote ... ok
test raft::handlers::tests::raft_vote_request_serde_roundtrip ... ok
test raft::handlers::tests::raft_vote_response_serde_roundtrip ... ok
test raft::handlers::tests::read_request_payload_serde_roundtrip ... ok
test raft::handlers::tests::read_response_payload_serde_roundtrip ... ok
test raft::handlers::tests::read_request_handler_ignores_wrong_message_type ... ok
test raft::handlers::tests::row_wire_round_trips_complex_cell_paths ... ok
test raft::handlers::tests::read_request_handler_digest_only_mode ... ok
test raft::handlers::tests::serialize_partition_to_wire_borrowed_matches_legacy ... ok
test raft::handlers::tests::read_request_handler_bounds_partition_suffix_from_clustering_cursor ... ok
test raft::handlers::tests::simple_partitions_keep_the_legacy_byte_layout ... ok
test raft::handlers::tests::read_request_handler_pages_full_partition_tail ... ok
test raft::handlers::tests::streaming_chunk_payload_starts_with_request_id_for_router_dispatch ... ok
test raft::handlers::tests::read_request_handler_reads_existing_key ... ok
test raft::handlers::tests::streaming_range_read_payloads_round_trip_through_bincode ... ok
test raft::local_state::tests::a_purge_covered_by_a_durable_snapshot_proceeds ... ok
test ddl_path::tests::direct_alter_table_propagates_schema_to_storage ... ok
test raft::local_state::tests::a_purge_past_durable_applied_is_clamped_not_obeyed ... ok
test raft::local_state::tests::a_purge_with_no_durable_snapshot_deletes_nothing ... ok
test raft::local_state::tests::applied_ahead_of_the_purge_point_is_usable ... ok
test raft::local_state::tests::applied_exactly_to_the_purge_point_is_usable ... ok
test raft::local_state::tests::last_applied_behind_the_purge_point_is_stranded ... ok
test raft::local_state::tests::lost_last_applied_falls_back_to_the_purge_point ... ok
test raft::handlers::tests::read_request_handler_returns_not_found ... ok
test raft::local_state::tests::no_permitted_purge_can_strand_this_node ... ok
test raft::local_state::tests::nothing_purged_is_always_usable ... ok
test raft::local_state::tests::stranded_is_never_reported_as_usable ... ok
test raft::log_store::tests::deserialize_entry_reads_pre_update_node_info_log_format ... ok
test raft::log_store::tests::entry_with_magic_prefix_roundtrips ... ok
test raft::log_store::tests::entry_with_unknown_version_fails_loud ... ok
test raft::log_store::tests::golden_raft_log_entries_decode ... ok
test raft::log_store::tests::is_lock_contention_classifies_only_the_lock_error ... ok
test raft::log_store::tests::legacy_log_decode_unambiguous ... ok
test ddl_path::tests::direct_drop_table_removes_from_schema ... ok
test raft::log_store::tests::get_log_state_returns_last_entry ... ok
test raft::log_store::tests::empty_store_state ... ok
test raft::log_store::tests::get_log_reader_returns_reader_with_same_data ... ok
test raft::log_store::tests::committed_persistence ... ok
test raft::log_store::tests::append_and_read_back ... ok
test raft::log_store::tests::inspect_reports_healthy_log ... ok
test raft::log_store::tests::reset_missing_dir_creates_fresh_dir_without_backup ... ok
test raft::log_store::tests::inspect_locates_first_undecodable_entry ... ok
test raft::log_store::tests::decode_error_names_entry_index_and_recovery_tool ... ok
test raft::log_store::tests::recover_topology_state_replays_topology_commands_from_log ... ok
test raft::log_store::tests::purge_removes_old_entries ... ok
test raft::log_store::tests::new_retries_through_a_transient_lock ... ok
test raft::log_store::tests::purge_stops_at_the_durably_applied_index ... ok
test raft::log_store::tests::a_never_released_lock_fails_typed_after_the_budget ... ok
test raft::log_store::tests::open_offline_retries_through_a_transient_lock ... ok
test raft::log_store::tests::purge_does_not_block_heartbeats ... ok
test raft::log_store::tests::reset_on_empty_store_replaces_dir_and_reports_backup ... ok
test raft::multi_dc_apply::tests::applied_txn_ledger_gc_drops_old_entries ... ok
test raft::multi_dc_apply::tests::applied_txn_ledger_is_idempotent ... ok
test raft::multi_dc_apply::tests::apply_buffers_out_of_order_accord_entries ... ok
test raft::multi_dc_apply::tests::max_skew_default_when_env_unset ... ok
test raft::multi_dc_apply::tests::reorder_buffer_stalls_above_max_skew ... ok
test raft::multi_dc_apply::tests::watermark_advances_with_max_skew_200ms ... ok
test raft::network::tests::encode_decode_vote_request_roundtrip ... ok
test raft::log_store::tests::save_committed_flushes ... ok
test raft::log_store::tests::try_get_log_entries_reversed_range_fails_loud ... ok
test raft::network::tests::factory_creates_network ... ok
test raft::log_store::tests::truncate_removes_tail_entries ... ok
test raft::log_store::tests::try_get_log_entries_empty_range ... ok
test raft::network::tests::factory_unknown_node_is_unresolved ... ok
test raft::log_store::tests::reset_replaces_raft_dir_and_leaves_fresh_dir_immediately_openable ... ok
test coordinator::streaming_e2e_tests::a_resumed_tenant_read_returns_only_rows_after_the_cursor_from_every_node ... ok
test raft::network::tests::late_registration_heals_existing_client ... ok
test raft::network::tests::node_map_overwrite ... ok
test raft::network::tests::node_map_registration ... ok
test raft::log_store::tests::reset_replaces_log_and_meta_with_empty_store ... ok
test raft::log_store::tests::try_get_log_entries_single_entry ... ok
test raft::network::tests::socket_addr_parse ... ok
test raft::log_store::tests::truncate_from_to_empty_log_clamps_committed_to_last_purged ... ok
test raft::snapshot_transport::tests::default_config_uses_bulk_lane_and_3mib_chunks ... ok
test raft::snapshot_transport::tests::lane_bulk_timeout_dominates_max_chunk_send ... ok
test raft::snapshot_transport::tests::snapshot_install_does_not_block_heartbeats_lane_separation ... ok
test raft::state_machine::bootstrap_record_tests::record_for_a_non_member_is_refused ... ok
test coordinator::streaming_e2e_tests::a_tenant_read_scatter_gathers_every_nodes_tenant_index ... ok
test raft::state_machine::bootstrap_record_tests::record_for_a_joining_member_is_kept_and_published_to_the_ring ... ok
test raft::state_machine::bootstrap_record_tests::leave_and_rejoin_clear_the_record ... ok
test raft::state_machine::bootstrap_record_tests::record_survives_a_snapshot_round_trip ... ok
test raft::state_machine::bootstrap_record_tests::snapshot_format_is_compatible_in_both_directions ... ok
test raft::state_machine::tests::accord_apply_idempotent ... ok
test raft::state_machine::tests::accord_skew_gauge_reports_microseconds_from_nanosecond_hlcs ... ok
test raft::state_machine::tests::applied_state_tracks_log_id ... ok
test raft::state_machine::tests::apply_assign_tokens ... ok
test raft::state_machine::tests::apply_create_and_drop_role ... ok
test raft::state_machine::tests::apply_blank_entry ... ok
test raft::log_store::tests::truncate_from_removes_tail_and_clamps_committed ... ok
test raft::state_machine::tests::apply_buffers_out_of_order_accord_entries ... ok
test raft::state_machine::tests::apply_create_and_drop_type ... ok
test raft::log_store::tests::vote_persistence ... ok
test raft::state_machine::tests::apply_create_keyspace ... ok
test raft::state_machine::tests::apply_create_role_replicates_salted_hash ... ok
test raft::state_machine::tests::apply_create_table ... ok
test raft::state_machine::tests::apply_grant_and_revoke ... ok
test raft::state_machine::tests::apply_index_status_tracks_multiple_nodes ... ok
test raft::state_machine::tests::apply_index_status_updates_state_map ... ok
test raft::state_machine::tests::apply_drop_keyspace_cascades ... ok
test raft::state_machine::tests::apply_grant_role_is_additive_and_cycle_safe ... ok
test raft::state_machine::tests::apply_is_deterministic ... ok
test raft::state_machine::tests::apply_join_node ... ok
test raft::state_machine::tests::apply_join_node_auto_assigns_deterministic_tokens ... ok
test raft::state_machine::tests::apply_join_node_then_explicit_assign_tokens_is_idempotent ... ok
test raft::state_machine::tests::apply_leave_node_cleans_tokens ... ok
test raft::state_machine::tests::apply_update_config ... ok
test raft::state_machine::tests::create_index_initializes_index_state_map_entry ... ok
test raft::state_machine::tests::approved_nodes_survive_snapshot ... ok
test raft::state_machine::tests::drop_index_cleans_index_state_map ... ok
test raft::state_machine::tests::drop_table_cleans_index_state_map ... ok
test raft::state_machine::tests::drop_keyspace_cleans_index_state_map ... ok
test raft::state_machine::tests::create_index_marks_all_members_building ... ok
test raft::state_machine::tests::drop_keyspace_cascades_types ... ok
test raft::state_machine::tests::get_current_snapshot_after_build ... ok
test raft::state_machine::tests::get_current_snapshot_returns_none_initially ... ok
test raft::state_machine::tests::index_build_failure_isolated_to_one_node ... ok
test raft::state_machine::tests::join_node_marks_building_for_existing_indexes ... ok
test raft::state_machine::tests::join_node_updates_live_ring ... ok
test raft::state_machine::tests::leave_node_cleans_node_from_index_state_map ... ok
test raft::state_machine::tests::raft_state_has_index_state_map ... ok
test raft::state_machine::tests::recover_from_purge_point_noop_when_already_applied ... ok
test raft::state_machine::tests::recover_from_purge_point_noop_when_no_purge ... ok
test raft::state_machine::tests::leave_node_updates_live_ring ... ok
test raft::state_machine::tests::recover_from_purge_point_sets_last_applied_when_none ... ok
test raft::state_machine::tests::recover_membership_fails_loud_on_lost_joint_config ... ok
test raft::state_machine::tests::recover_membership_from_topology_state_is_noop_when_membership_exists ... ok
test raft::state_machine::tests::recover_membership_from_topology_state_synthesizes_voters_when_empty ... ok
test raft::state_machine::tests::recover_membership_noop_when_already_set ... ok
test raft::state_machine::tests::recover_membership_restores_from_log ... ok
test raft::state_machine::tests::persisted_snapshot_roundtrip_survives_restart ... ok
test raft::state_machine::tests::recover_membership_succeeds_on_matching_single_config ... ok
test raft::state_machine::tests::recover_membership_from_topology_state_refreshes_cached_snapshot_membership ... ok
test raft::state_machine::tests::reorder_buffer_stalls_above_max_skew ... ok
test raft::state_machine::tests::recovered_persisted_snapshot_updates_live_schema_and_storage ... ok
test raft::state_machine::tests::set_ring_populates_live_ring_from_recovered_topology_state ... ok
test raft::state_machine::tests::snapshot_absence_without_drop_marker_does_not_unregister_table ... ok
test raft::state_machine::tests::apply_command_propagates_engine_register_failure ... ok
test raft::state_machine::tests::create_keyspace_via_raft_apply_is_visible_in_shared_schema ... ok
test raft::state_machine::tests::snapshot_drop_marker_for_old_identity_does_not_delete_recreated_table ... ok
test raft::state_machine::tests::create_index_via_raft_apply_is_built_in_the_local_engine ... ok
test raft::state_machine::tests::snapshot_drop_properties::generated_snapshot_cases_cover_incident_shapes ... ok
test raft::state_machine::tests::create_keyspace_emits_system_table_write ... ok
test raft::state_machine::tests::create_keyspace_reconciles_shared_schema_even_when_state_already_has_it ... ok
test raft::state_machine::tests::recovering_a_snapshot_corrects_an_already_registered_stale_schema ... ok
test raft::state_machine::tests::snapshot_explicit_drop_marker_unregisters_matching_table_identity ... ok
test raft::state_machine::tests::create_table_emits_system_table_write ... ok
test raft::state_machine::tests::snapshot_drop_properties::prop_same_name_recreate_drop_marker_cannot_delete_new_identity ... ok
test raft::state_machine::tests::create_table_reconciles_shared_schema_even_when_state_already_has_it ... ok
test raft::state_machine::tests::snapshot_drop_properties::prop_absence_alone_is_non_destructive ... ok
test raft::state_machine::tests::duplicate_schema_replay_does_not_churn_schema_version ... ok
test raft::state_machine::tests::snapshot_roundtrip ... ok
test raft::state_machine::tests::snapshot_drop_properties::prop_destructive_unregisters_are_subset_of_explicit_drop_markers ... ok
test raft::state_machine::tests::snapshot_roundtrip_preserves_index_state_map ... ok
test raft::state_machine::tests::snapshot_system_keyspaces_are_not_unregistered_by_absence ... ok
test raft::state_machine::tests::state_machine_applies_approve_node ... ok
test raft::state_machine::tests::state_machine_tracks_hlc_watermark ... ok
test raft::state_machine::tests::update_node_info_refreshes_existing_member_metadata_without_touching_tokens ... ok
test raft::state_machine::tests::watermark_advances_with_max_skew_200ms ... ok
test raft::state_machine::tests::types_survive_snapshot ... ok
test raft::state_machine::tests::topology_changes_update_ring_observer ... ok
test raft::state_machine::tests::three_node_index_lifecycle_convergence ... ok
test raft::tests::approve_node_command_serializes ... ok
test raft::tests::index_node_status_serde_roundtrip ... ok
test raft::tests::raft_command_index_status_failed_roundtrip ... ok
test raft::tests::raft_command_assign_tokens_roundtrip ... ok
test raft::tests::raft_command_index_status_roundtrip ... ok
test raft::tests::raft_command_join_node_roundtrip ... ok
test raft::tests::raft_command_serde_roundtrip ... ok
test raft::tests::raft_op_variant_tag_stability ... ok
test raft::tests::uuid_to_node_id_deterministic ... ok
test raft_forward::tests::classify_client_write_error_extracts_leader_node_id ... ok
test raft_forward::tests::classify_client_write_error_falls_back_to_other_for_non_forward_errors ... ok
test raft_forward::tests::classify_client_write_error_handles_empty_forward_hint ... ok
test raft_forward::tests::dispatch_propose_outcome_passes_through_ok_outcomes ... ok
test raft_forward::tests::dispatch_propose_outcome_invokes_forwarder_when_leader_is_known ... ok
test raft::tests::uuid_to_node_id_unique ... ok
test raft_forward::tests::dispatch_propose_outcome_returns_internal_when_leader_uuid_unknown ... ok
test raft_forward::tests::dispatch_propose_outcome_returns_internal_when_no_leader_elected ... ok
test raft::state_machine::tests::snapshot_drop_properties::prop_index_sets_converge_except_explicitly_dropped ... ok
test raft_forward::tests::forward_ack_body_empty_payload_is_treated_as_ok ... ok
test raft_forward::tests::forward_ack_body_roundtrip ... ok
test raft_forward::tests::process_forwarded_command_emits_err_ack_on_malformed_payload ... ok
test raft_forward::tests::process_forwarded_command_emits_err_ack_when_propose_fails ... ok
test raft_forward::tests::process_forwarded_command_emits_ok_ack_when_propose_succeeds ... ok
test rebalance::tests::compute_rebalance_empty_ring_noop ... ok
test rebalance::streaming_contract_tests::rebalance_must_not_read_tables_with_capped_materialized_range ... ok
test rebalance::tests::compute_rebalance_single_node_noop ... ok
test rebalance::tests::compute_rebalance_noop_when_balanced ... ok
test rebalance::tests::compute_rebalance_evens_distribution ... ok
test rebalance::tests::compute_rebalance_two_nodes_uneven ... ok
test rebalance::tests::reassignment_fields_are_correct ... ok
test repair::cluster_view::tests::cluster_view_owners_and_this_host_delegate_to_topology ... ok
test repair::cluster_view::tests::ring_topology_excludes_self_by_host_id_and_handles_unplaced ... ok
test repair::cluster_view::tests::no_peer_yields_single_node_posture ... ok
test repair::cluster_view::tests::empty_digest_peer_yields_no_healthy_replica ... ok
test repair::cluster_view::tests::first_healthy_peer_short_circuits_in_deterministic_order ... ok
test repair::cluster_view::tests::ring_topology_returns_other_eligible_peers_capped_by_rf ... ok
test repair::cluster_view::tests::ring_topology_single_node_has_no_peers ... ok
test repair::cluster_view::tests::unreachable_peer_yields_no_healthy_replica ... ok
test repair::cluster_view::tests::verified_non_empty_peer_yields_healthy_posture ... ok
test repair::coordinator::tests::repair_table_empty_ring_returns_no_results ... ok
test repair::coordinator::tests::repair_table_merges_ranges_sharing_the_same_replica_set ... ok
test raft::state_machine::tests::role_lifecycle_writes_to_system_auth ... ok
test repair::coordinator::tests::repair_table_skips_self ... ok
test repair::executor::streaming_contract_tests::repair_leaf_reads_must_not_use_fixed_materialization_cap ... ok
test repair::coordinator::tests::repair_initiated_runs_each_range_once_across_all_nodes ... ok
test repair::merkle::tests::a_replica_missing_two_equal_hash_partitions_is_still_divergent ... ok
test repair::merkle::tests::combining_is_order_independent ... ok
test repair::merkle::tests::different_inserts_produce_different_root ... ok
test repair::merkle::tests::divergent_leaf_ranges_empty_for_identical_trees ... ok
test repair::executor::tests::local_executor_converges_a_timestamp_tie_and_still_counts_it ... ok
test repair::executor::tests::local_executor_converges_two_stores_after_one_session ... ok
test repair::executor::tests::coordinator_plus_local_executor_converges_three_node_cluster ... ok
test repair::executor::tests::local_executor_is_idempotent_after_convergence ... ok
test repair::merkle::tests::divergent_leaf_ranges_handles_mismatched_geometry ... ok
test repair::merkle::tests::divergent_leaf_ranges_pinpoints_single_diff ... ok
test repair::merkle::tests::empty_tree_has_zero_root ... ok
test repair::merkle::tests::equal_hash_partitions_do_not_cancel_to_an_empty_looking_root ... ok
test repair::merkle::tests::inserting_the_same_hash_twice_does_not_cancel ... ok
test repair::merkle::tests::leaf_count_matches_depth ... ok
test repair::merkle::tests::leaf_range_covers_full_token_range_without_gaps ... ok
test repair::merkle::tests::leaf_range_is_inverse_of_token_to_leaf ... ok
test raft::state_machine::tests::drop_table_tombstones_persisted_index_rows ... ok
test repair::merkle::tests::same_inserts_produce_same_root ... ok
test repair::merkle::tests::serialization_roundtrip ... ok
test repair::merkle::tests::single_insert_changes_root ... ok
test repair::merkle::tests::token_to_leaf_maps_correctly ... ok
test repair::rpc::tests::apply_response_carries_error_flag ... ok
test repair::rpc::tests::merkle_request_payload_roundtrips ... ok
test repair::coordinator::tests::repair_table_concurrency_cap_caps_in_flight ... ok
test raft_forward::tests::forward_raft_command_to_leader_round_trips_via_existing_peer ... ok
test repair::rpc::tests::merkle_response_payload_roundtrips ... ok
test repair::scheduler::tests::classify_converged_requires_a_success_and_no_failures ... ok
test repair::scheduler::tests::classify_divergence_reconciled_when_all_ok ... ok
test repair::scheduler::tests::classify_failures_are_never_converged ... ok
test repair::rpc::tests::repair_fetch_response_borrowed_emit_matches_legacy ... ok
test raft_forward::tests::forward_raft_command_to_leader_surfaces_leader_error ... ok
test repair::scheduler::tests::config_defaults_are_self_managing ... ok
test repair::executor::tests::local_repair_apply_lands_static_row_and_partition_deletion ... ok
test repair::scheduler::tests::metrics_render_and_count_ticks ... ok
test repair::scheduler::tests::run_tick_no_ops_when_context_not_ready ... ok
test repair::scheduler::tests::initiator_fails_over_when_lowest_host_down ... ok
test repair::scheduler::tests::exactly_one_initiator_per_range_no_herd ... ok
test repair::scheduler::tests::run_tick_records_failure_when_all_sessions_fail ... ok
test repair::scheduler::tests::run_tick_records_converged_when_sessions_succeed ... ok
test repair::scheduler::tests::run_tick_skips_in_flight_table ... ok
test repair::scheduler::tests::run_tick_repairs_selected_tables_and_advances_cursor ... ok
test repair::scheduler::tests::select_tables_empty_or_all_skipped_is_safe ... ok
test repair::scheduler::tests::select_tables_round_robin_covers_all_over_ticks ... ok
test repair::scheduler::tests::select_tables_skips_system_and_in_flight_round_robin ... ok
test repair::scheduler::tests::single_node_selects_nothing ... ok
test repair::scheduler::tests::selection_is_deterministic ... ok
test repair::scheduler::tests::unknown_local_node_selects_nothing ... ok
test repair::scheduler::tests::sub_tick_spreads_table_set_over_interval ... ok
test repair::scheduler::tests::spawn_disabled_is_no_op ... ok
test repair::tests::a_conflicting_row_at_the_same_timestamp_is_still_a_tie ... ok
test raft::state_machine::tests::system_table_apply_runs_off_the_raft_worker_thread ... ok
test repair::tests::a_contested_row_does_not_block_the_rest_of_its_partition ... ok
test repair::tests::an_equal_timestamp_conflict_converges_both_replicas_on_one_row ... ok
test repair::tests::an_empty_shell_loses_to_the_populated_copy_at_the_same_timestamp ... ok
test repair::tests::a_strict_subset_partition_is_repaired_rather_than_called_a_tie ... ok
test repair::tests::diff_partition_sets_empty_inputs_produce_empty_plan ... ok
test repair::rpc::tests::remote_repair_apply_lands_static_row_and_partition_deletion ... ok
test repair::tests::diff_partition_sets_equal_timestamp_different_content_converges_and_is_counted ... ok
test repair::tests::diff_partition_sets_identical_inputs_produce_empty_plan ... ok
test repair::tests::diff_partition_sets_missing_on_a_streams_b_to_a ... ok
test repair::tests::diff_partition_sets_missing_on_b_streams_a_to_b ... ok
test repair::tests::diff_partition_sets_newer_timestamp_wins ... ok
test repair::tests::diff_partition_sets_mixed_scenario ... ok
test repair::tests::each_side_missing_different_rows_converges_on_the_union ... ok
test repair::tests::diff_trees_detects_content_divergence_at_same_key ... ok
test repair::tests::diff_partition_sets_streaming_matches_one_shot_diff ... ok
test repair::tests::different_trees_produce_diffs ... ok
test repair::tests::differing_partition_deletion_is_not_resolved_by_a_row_union ... ok
test repair::tests::compute_repair_plan_finds_divergence_across_multiple_leaves ... ok
test repair::tests::compute_repair_plan_filters_to_range ... ok
test repair::tests::compute_repair_plan_identical_sides_produces_empty_plan ... ok
test repair::tests::compute_repair_plan_skips_identical_subranges ... ok
test repair::tests::empty_trees_are_identical ... ok
test repair::tests::identical_trees_produce_no_diffs ... ok
test repair::tests::learner_with_owns_tokens_true_participates_in_repair ... ok
test repair::tests::partition_merkle_hash_detects_content_divergence ... ok
test repair::tests::rows_unique_to_the_older_side_survive_a_newer_partition_max ... ok
test repair::tests::the_equal_timestamp_winner_is_the_same_from_either_side ... ok
test repair::tests::streaming_diff_resolves_per_row_like_the_one_shot_form ... ok
test ring::replicas_all_normal_routes_to_correct_owner ... ok
test ring::replicas_joining_peers_misroutes_to_only_normal_node ... ok
test ring::strategy::tests::network_topology_empty_dc_rf ... ok
test ring::strategy::tests::network_topology_single_dc ... ok
test ring::strategy::tests::network_topology_total_rf ... ok
test ring::strategy::tests::parse_nts_from_params ... ok
test raft::state_machine::tests::snapshot_install_refuses_ambiguous_absent_data_bearing_table ... ok
test ring::strategy::tests::parse_nts_non_numeric_rf_fails ... ok
test ring::strategy::tests::parse_nts_ignores_cql_class_option ... ok
test ring::strategy::tests::parse_simple_strategy_from_params ... ok
test ring::strategy::tests::parse_unknown_strategy_fails ... ok
test ring::strategy::tests::simple_dc_replication_factors_is_empty ... ok
test ring::strategy::tests::simple_strategy_rf ... ok
test ring::tests::decommission_removes_node_from_ring ... ok
test ring::tests::assign_tokens_and_count ... ok
test ring::tests::node_management ... ok
test ring::tests::node_state_learner_distinct_from_voter ... ok
test ring::tests::learner_with_owns_tokens_false_excluded_from_replicas ... ok
test repair::trigger::tests::request_refill_schedules_targeted_session_against_healthy_replica ... ok
test ring::tests::nts_replicas_dc_not_in_ring ... ok
test ring::tests::nts_replicas_empty_ring ... ok
test ring::tests::nts_replicas_excludes_witness_learner ... ok
test ring::tests::nts_replicas_prefers_rack_diversity ... ok
test ring::tests::nts_replicas_rf_exceeds_dc_nodes ... ok
test ring::tests::nts_replicas_wraps_around_ring ... ok
test ring::tests::nts_replicas_two_dc_basic ... ok
test ring::tests::remove_node_removes_tokens ... ok
test ring::tests::replica_host_ids_for_strategy_maps_node_ids_to_host_ids ... ok
test ring::tests::replicas_empty_ring ... ok
test ring::tests::replicas_for_strategy_nts_delegates ... ok
test ring::tests::replicas_for_strategy_simple_delegates ... ok
test ring::tests::replicas_rf_exceeds_nodes ... ok
test ring::tests::replicas_single_node_rf1 ... ok
test ring::tests::replicas_skips_duplicate_vnodes ... ok
test ring::tests::replicas_three_nodes_rf3 ... ok
test ring::tests::replicas_wraps_around ... ok
test ring::tests::select_batchlog_replicas_excludes_local ... ok
test ring::tests::select_batchlog_replicas_single_node_returns_empty ... ok
test ring::tests::set_node_state_updates_state ... ok
test ring::tests::tokens_for_node_returns_assigned_tokens ... ok
test state::tests::pair_cluster_state_returns_peer ... ok
test state::tests::peer_broadcast_without_peer_manager_falls_back_to_container_ip ... ok
test state::tests::pair_cluster_state_populates_deterministic_tokens_for_peer ... ok
test state::tests::peer_broadcast_from_peer_manager_flows_into_system_peers ... ok
test state::tests::peer_release_version_matches_system_local ... ok
test state::tests::pair_cluster_state_uses_peer_manager_broadcast_for_native_address ... ok
test state::tests::raft_cluster_state_falls_back_to_internode_ip ... ok
test state::tests::raft_cluster_state_populates_tokens_from_ring_for_peers ... ok
test state::tests::raft_cluster_state_uses_cql_broadcast_for_native_address ... ok
test streaming::handler::tests::sender_refuses_unverified_or_mismatched_replies ... ok
test state::tests::raft_cluster_state_resolves_hostname_broadcast_for_native_address ... ok
test ring::tests::nts_replicas_never_exceed_available_nodes ... ok
test streaming::receiver::tests::apply_chunk_rejects_when_byte_limit_is_exceeded ... ok
test streaming::receiver::tests::apply_chunk_rejects_wrong_session_id ... ok
test streaming::receiver::tests::apply_chunk_rejects_when_limits_are_exceeded ... ok
test repair::scheduler::tests::spawn_enabled_ticks_then_shuts_down ... ok
test streaming::handler::tests::stream_end_reply_reports_a_checksum_mismatch_as_rejected ... ok
test streaming::handler::tests::stream_end_reply_rejects_an_unknown_session ... ok
test repair::trigger::tests::duplicate_refill_requests_for_same_table_range_are_coalesced_while_in_flight ... ok
test streaming::handler::tests::stream_end_reply_reports_an_applied_session ... ok
test streaming::receiver::tests::chunk_batching_size_limit_end_to_end ... ok
test streaming::receiver::tests::a_streamed_row_is_readable_by_its_partition_key ... ok
test streaming::receiver::tests::row_stream_session_does_not_materialize_all_mutations ... ok
test streaming::receiver::tests::receive_and_apply_rejects_count_mismatch ... ok
test raft::network::tests::transient_reconnecting_error_is_backed_off_before_openraft_error ... ok
test streaming::receiver::tests::receive_accumulates_multiple_chunks ... ok
test streaming::receiver::tests::receive_and_apply_rejects_bad_checksum ... ok
test streaming::receiver::tests::receive_decodes_full_row_wire ... ok
test streaming::handler::tests::concurrent_sources_do_not_collide_on_session_ids ... ok
test streaming::receiver::tests::receive_and_apply_succeeds_with_correct_checksum ... ok
test streaming::receiver::tests::sstable_stream_rejects_bad_checksum ... ok
test streaming::receiver::tests::sstable_stream_rejects_session_id_mismatch_in_chunk ... ok
test streaming::receiver::tests::sstable_stream_bad_checksum_cleans_staging_and_does_not_promote ... ok
test streaming::sender::tests::empty_mutations_produce_no_chunks ... ok
test streaming::receiver::tests::sstable_stream_matching_existing_flat_destination_is_idempotent ... ok
test streaming::receiver::tests::sstable_stream_existing_destination_is_not_deleted ... ok
test streaming::receiver::tests::sstable_stream_rejects_byte_count_mismatch ... ok
test streaming::receiver::tests::sstable_stream_materialises_a_declared_zero_byte_component ... ok
test streaming::sender::tests::send_sstable_files_reads_components_incrementally ... ok
test streaming::sender::tests::sstable_stream_chunk_encodes_and_decodes ... ok
test streaming::sender::tests::sstable_stream_end_encodes_and_decodes ... ok
test streaming::sender::tests::sstable_stream_start_encodes_and_decodes ... ok
test streaming::sender::tests::stream_end_encodes_and_decodes ... ok
test streaming::sender::tests::stream_chunk_encodes_and_decodes ... ok
test streaming::sender::tests::stream_start_encodes_and_decodes ... ok
test streaming::receiver::tests::receive_preserves_complex_cell_paths ... ok
test streaming::sstable_transfer::tests::encode_decode_file_chunk_roundtrip ... ok
test streaming::sstable_transfer::tests::manifest_serializes ... ok
test streaming::tests::complex_cell_receiver_rejects_envelope_with_typed_error ... ok
test streaming::sstable_transfer::tests::read_sstable_component_chunks_file ... ok
test streaming::sender::tests::sender_chunk_batching_respects_size_limit ... ok
test streaming::sender::tests::sstable_sender_reads_and_chunks_files ... ok
test streaming::tests::envelope_round_trips_static_row_and_partition_deletion ... ok
test streaming::tests::plain_partition_keeps_legacy_bytes_both_directions ... ok
test streaming::tests::pre_complex_cell_receiver_rejects_envelope_with_typed_error ... ok
test streaming::receiver::tests::sstable_stream_roundtrip_writes_files ... ok
test streaming::tests::sstable_stream_payloads_serialize ... ok
test streaming::tests::stream_checksum_validates ... ok
test streaming::tests::stream_rejects_bad_checksum ... ok
test streaming::tests::streamed_mutation_serializes ... ok
test streaming::receiver::tests::undecodable_streamed_rows_are_refused_not_stored ... ok
test streaming::tests::unknown_envelope_version_is_refused ... ok
test streaming::sstable_transfer::tests::assembler_writes_files_to_disk ... ok
test streaming::receiver::tests::streamed_partition_carries_static_row_and_partition_deletion ... ok
test system_table_loader::tests::validate_raft_wins_on_conflict ... ok
test telemetry::tests::sample_rate_half_samples_roughly_half ... ok
test telemetry::tests::negative_sample_rate_panics - should panic ... ok
test telemetry::tests::sample_rate_one_always_samples ... ok
test telemetry::tests::sample_rate_zero_never_samples ... ok
test write_path::tests::accord_replicas_for_key_fails_loud_on_bad_strategy ... ok
test write_path::tests::accord_replicas_for_key_is_none_outside_cluster_mode ... ok
test streaming::tests::chunk_batching_respects_size_limit ... ok
test write_path::tests::accord_replicas_for_key_resolves_rf_subset_in_cluster_mode ... ok
test write_path::tests::bounded_projected_stream_floors_a_zero_bound_at_one ... ok
test write_path::tests::bounded_projected_stream_folds_whole_partitions ... ok
test write_path::tests::all_serving_host_ids_returns_the_whole_ring_not_the_rf_subset ... ok
test write_path::tests::bounded_projected_stream_returns_everything_under_the_bound ... ok
test write_path::tests::bounded_projected_stream_surfaces_fragment_errors ... ok
test write_path::tests::bounded_projected_stream_yields_at_most_the_bound ... ok
test write_path::tests::partition_bound_reached_is_the_emitted_versus_bound_rule ... ok
test write_path::tests::replicas_for_key_is_none_outside_cluster_mode ... ok
test write_path::tests::resume_filtered_stream_fails_loud_on_non_monotonic_resume_partition ... ok
test write_path::tests::resume_filtered_stream_passes_monotonic_prefix_drop ... ok
test write_path::tests::committed_cdc_event_only_when_subscribed ... ok
test write_path::tests::unbounded_write_path_range_read_must_not_collect_local_streams ... ok
test write_path::tests::direct_write_path_delegates_to_storage ... ok
test write_path::tests::direct_index_read_returns_matching_rows ... ok
test system_table_loader::tests::replay_indexes_restores_fulltext_index_for_router_resolution ... ok
test system_table_loader::tests::replay_functions_reconstructs_udf_into_schema ... ok
test system_table_loader::tests::load_role_permissions_decodes_persisted_grants ... ok
test system_table_loader::tests::replay_role_permissions_restores_write_permission ... ok
test system_table_loader::tests::replay_types_reconstructs_udt_into_schema ... ok
test streaming::receiver::tests::streamed_static_row_and_deletion_survive_flush ... ok
test system_table_loader::tests::replay_roles_replaces_bootstrap_credentials_with_persisted_hash ... ok
test controller::tests::a_former_cluster_member_never_falls_back_to_pair_on_timeout ... ok
test repair::trigger::tests::request_refill_skips_session_when_executor_provider_not_ready ... ok
test repair::trigger::tests::request_refill_with_no_healthy_replica_schedules_nothing_and_counts_no_source ... ok
test controller::tests::former_cluster_member_registers_schema_sync_handler ... ok
test controller::tests::forming_falls_back_to_degraded_pair_on_timeout ... ok
test coordinator::read::tests::large_local_range_read_runs_on_blocking_pool_and_does_not_park_worker ... ok
test accord::quorum_availability::a_paused_replica_does_not_fail_postgres_transactions_while_a_quorum_is_live ... ok

test result: ok. 1425 passed; 0 failed; 0 ignored; 0 measured; 0 filtered out; finished in 24.02s

     Running tests/accord_apply_decode_residency.rs (target/debug/deps/accord_apply_decode_residency-f6aad76f2a0cd18d)

running 2 tests
test apply_writeset_peak_stays_within_the_input_size ... ok
test a_retained_input_payload_trips_the_residency_guard ... ok

test result: ok. 2 passed; 0 failed; 0 ignored; 0 measured; 0 filtered out; finished in 0.26s

     Running tests/accord_legacy_ns_compat.rs (target/debug/deps/accord_legacy_ns_compat-94224ff6387a6a20)

running 6 tests
test a_mixed_version_pair_converges_after_repair ... ok
test a_read_at_t_includes_legacy_cells_written_before_t ... ok
test a_row_lwt_written_in_microseconds_by_532_still_cas ... ok
test a_failed_cas_on_a_legacy_row_reports_its_value ... ok
test insert_if_not_exists_on_a_legacy_row_is_refused ... ok
test cas_update_if_on_a_legacy_row_applies_and_wins ... ok

test result: ok. 6 passed; 0 failed; 0 ignored; 0 measured; 0 filtered out; finished in 1.40s

     Running tests/accord_lwt_concurrent.rs (target/debug/deps/accord_lwt_concurrent-bfa9f52db3c10437)

running 8 tests
test single_coordinator_round_trips_to_remote_replica ... ok
test two_coordinators_concurrent_insert_if_not_exists ... ok
test a_committed_lwt_that_fails_its_read_vote_does_not_poison_the_key ... ok
test gap4_gap5_read_vote_and_apply_round_trip ... ok
test concurrent_insert_if_not_exists_exactly_one_applies_through_engine ... ok
test generic_if_mismatch_does_not_persist_and_match_does ... ok
test generic_if_reads_real_row_at_t_across_cluster ... ok
test applied_lwt_value_survives_state_machine_restart ... ok

test result: ok. 8 passed; 0 failed; 0 ignored; 0 measured; 0 filtered out; finished in 0.31s

     Running tests/accord_nemesis.rs (target/debug/deps/accord_nemesis-d4ba49f3eb7953d5)

running 6 tests
test a_delay_that_runs_out_is_counted_as_completed_once ... ok
test a_delay_dropped_mid_flight_is_counted_as_cancelled ... ok
test disk_fail_no_phantom_commits ... ok
test a_replica_coordinator_without_local_state_refuses_to_commit ... ok
test lwt_batch_atomicity_all_nemeses ... ok
test packet_reorder_linearizability ... ok

test result: ok. 6 passed; 0 failed; 0 ignored; 0 measured; 0 filtered out; finished in 0.19s

     Running tests/accord_vote_commit_barrier.rs (target/debug/deps/accord_vote_commit_barrier-7a33b8db9c25a15b)

running 1 test
test accord_vote_commit_waits_for_apply ... ok

test result: ok. 1 passed; 0 failed; 0 ignored; 0 measured; 0 filtered out; finished in 0.15s

     Running tests/auth_isolation.rs (target/debug/deps/auth_isolation-0c3a884a5e4b33cb)

running 8 tests
test storage_engine_config_has_auth_enabled_field_with_false_default ... ok
test seed_bootstrap_is_idempotent ... ok
test seed_bootstrap_creates_seed_roles ... ok
test unprivileged_user_cannot_modify_graph_table ... ok
test unprivileged_user_can_select_graph_table ... ok
test superuser_can_modify_graph_table ... ok
test unprivileged_user_can_authenticate_with_password ... ok
test superuser_can_authenticate_with_password ... ok

test result: ok. 8 passed; 0 failed; 0 ignored; 0 measured; 0 filtered out; finished in 0.12s

     Running tests/bulk_write_stability.rs (target/debug/deps/bulk_write_stability-8b6cd7eb7f049132)

running 3 tests
test concurrent_burst_writes_measure_lane_saturation ... ok
test sequential_bulk_writes_complete_without_timeout ... ok
test bulk_writes_do_not_starve_probe_latency ... ok

test result: ok. 3 passed; 0 failed; 0 ignored; 0 measured; 0 filtered out; finished in 6.44s

     Running tests/cluster_formation.rs (target/debug/deps/cluster_formation-b17204b3bcc40e80)

running 5 tests
test three_node_forms_when_seed_is_laggard ... ok
test three_node_cluster_elects_raft_leader ... ok
test hints_for_a_live_replica_are_delivered_without_a_recovery_event ... ok
test progressive_join_mode_transitions ... ok
test candidate_re_campaigns_while_peers_are_down ... ok

test result: ok. 5 passed; 0 failed; 0 ignored; 0 measured; 0 filtered out; finished in 30.36s

     Running tests/cluster_rejoin.rs (target/debug/deps/cluster_rejoin-89df098d788ae9ac)

running 3 tests
test cluster_rejoin_counters_are_accessible ... ok
test cluster_rejoin_fails_loud_when_leader_unreachable ... ok
test attempt_rejoin_increments_attempts_counter ... ok

test result: ok. 3 passed; 0 failed; 0 ignored; 0 measured; 0 filtered out; finished in 0.00s

     Running tests/consensus_logging_is_bounded.rs (target/debug/deps/consensus_logging_is_bounded-4469f61cd183ea1f)

running 4 tests
test a_debug_log_carrying_a_transaction_id_is_allowed ... ok
test a_log_without_a_transaction_id_is_not_flagged ... ok
test the_scanner_recognises_a_multi_line_per_transaction_info ... ok
test the_consensus_hot_path_does_not_log_once_per_transaction ... ok

test result: ok. 4 passed; 0 failed; 0 ignored; 0 measured; 0 filtered out; finished in 0.00s

     Running tests/controller_teardown.rs (target/debug/deps/controller_teardown-bc4ab619b1b769ea)

running 1 test
test dropped_controllers_free_their_storage_engines_and_threads ... ok

test result: ok. 1 passed; 0 failed; 0 ignored; 0 measured; 0 filtered out; finished in 0.02s

     Running tests/correctness.rs (target/debug/deps/correctness-4975d03ffb16a1aa)

running 10 tests
test clock_skew_large_preaccept_rejection ... ok
test recovery_coordinator_elect_picks_lowest_id ... ok
test recovery_coordinator_resolves_inflight ... ok
test encode_decode_empty_batch ... ok
test decode_batch_truncated_returns_error ... ok
test recovery_coordinator_activation ... ok
test batch_payload_starts_with_batch_id ... ok
test encode_decode_batch_roundtrip ... ok
test pause_resume_state_convergence ... ok
test batch_atomicity_kill_coordinator ... ok

test result: ok. 10 passed; 0 failed; 0 ignored; 0 measured; 0 filtered out; finished in 0.00s

     Running tests/count_star_ring_scope.rs (target/debug/deps/count_star_ring_scope-29e956f2043133f6)

running 1 test
test count_star_counts_the_whole_ring_not_the_local_replica_subset ... ok

test result: ok. 1 passed; 0 failed; 0 ignored; 0 measured; 0 filtered out; finished in 0.31s

     Running tests/cross_dc_write_accord.rs (target/debug/deps/cross_dc_write_accord-a94773cd06f1825f)

running 1 test
test cross_dc_write_uses_accord ... ok

test result: ok. 1 passed; 0 failed; 0 ignored; 0 measured; 0 filtered out; finished in 0.22s

     Running tests/dc_swap_drains_accord.rs (target/debug/deps/dc_swap_drains_accord-dfdf38d05d5025f6)

running 2 tests
test dc_swap_drains_accord_timeout ... ok
test dc_swap_drains_accord_completion ... ok

test result: ok. 2 passed; 0 failed; 0 ignored; 0 measured; 0 filtered out; finished in 0.30s

     Running tests/ddl_read_your_writes.rs (target/debug/deps/ddl_read_your_writes-1611099fa3dc2027)

running 1 test
test wait_for_local_apply_gives_follower_read_your_writes ... ok

test result: ok. 1 passed; 0 failed; 0 ignored; 0 measured; 0 filtered out; finished in 0.13s

     Running tests/decommission_leader_transfer.rs (target/debug/deps/decommission_leader_transfer-84ca93ba9394e88d)

running 1 test
test decommission_leader_transfers_first ... ok

test result: ok. 1 passed; 0 failed; 0 ignored; 0 measured; 0 filtered out; finished in 0.75s

     Running tests/drop_table_replica_agreement.rs (target/debug/deps/drop_table_replica_agreement-61d282aac3840093)

running 1 test
test a_refused_drop_on_the_applying_node_surfaces_and_never_resurrects ... ok

test result: ok. 1 passed; 0 failed; 0 ignored; 0 measured; 0 filtered out; finished in 0.46s

     Running tests/epaxos_correctness.rs (target/debug/deps/epaxos_correctness-3376ac551703ec89)

running 2 tests
test epaxos_deps_hashset_consistency ... ok
test epaxos_24_step_linearizability ... ok

test result: ok. 2 passed; 0 failed; 0 ignored; 0 measured; 0 filtered out; finished in 0.00s

     Running tests/failure_mode_matrix.rs (target/debug/deps/failure_mode_matrix-fcfb7a8bc6592982)

running 37 tests
test s_04_wiped_rejoin_via_snapshot_install_succeeds ... ok
test s_18_seed_init_recoverable_smoke ... ok
test s_12_purge_then_snapshot_invariant_held ... ok
test s_17_disk_full_smoke_invariant_documented ... ok
test s_14_state_members_synthesize_membership_smoke ... ok
test s_20_asymmetric_partition_check_quorum_steps_down ... ok
test s_11_single_follower_disappears_quorum_continues ... ok
test s_15_runaway_term_repro_does_not_storm ... ok
test s_07_decommission_leader_auto_transfers_first ... ok
test s_22_slow_link_smoke ... ok
test s_05_approve_node_replicates_through_raft ... ok
test s_13_cold_start_with_healthy_snapshot ... ok
test s_25_lane_reconnect_returns_unreachable_not_panic ... ok
test s_26_handshake_replay_smoke ... ok
test s_24_packet_reorder_smoke ... ok
test s_33_snapshot_install_far_behind_follower_smoke ... ok
test s_34_snapshot_during_heavy_appendentries_uses_separate_lane ... ok
test s_23_packet_loss_smoke ... ok
test s_36_log_purge_with_lagging_follower_uses_snapshot_path ... ok
test s_21_flap_partition_storm_metric_stays_low ... ok
test s_19_symmetric_partition_majority_still_commits ... ok
test s_01_late_join_via_membership_changer_lands_in_openraft_voter_set ... ok
test s_30_election_guard_does_not_fire_under_steady_state ... ok
test s_06_decommission_follower_removes_from_openraft_voter_set ... ok
test s_31_two_simultaneous_elections_resolve_to_one_leader ... ok
test s_16_leader_disappears_followers_elect ... ok
test s_27_voluntary_leadership_transfer ... ok
test s_37_snapshot_corruption_recovery_smoke ... ok
test s_35_snapshot_mid_build_with_leader_change_smoke ... ok
test s_32_pre_vote_does_not_undermine_normal_election ... ok
test s_28_transfer_to_lagging_target_catches_up_first ... ok
test s_09_decommission_partitioned_node_succeeds_for_quorum ... ok
test s_29_transfer_concurrent_with_decommission_serializes ... ok
test s_02_concurrent_late_joins_serialize_via_inprogress_retry ... ok
test s_10_readd_previously_decommissioned_node ... ok
test s_08_decommission_concurrent_with_add_serializes ... ok
test s_03_joiner_reaches_partitioned_non_leader_returns_error_no_panic ... ok

test result: ok. 37 passed; 0 failed; 0 ignored; 0 measured; 0 filtered out; finished in 15.84s

     Running tests/fly_stream_scan_live.rs (target/debug/deps/fly_stream_scan_live-6ed77764dedcf938)

running 0 tests

test result: ok. 0 passed; 0 failed; 0 ignored; 0 measured; 0 filtered out; finished in 0.00s

     Running tests/fulltext_replica_bulk_lane_budget.rs (target/debug/deps/fulltext_replica_bulk_lane_budget-3cb675d9675b53d5)

running 4 tests
test down_replica_fails_the_query_naming_the_node ... ok
test replica_response_near_the_frame_limit_is_delivered_and_over_it_fails_the_query ... ok
test slow_replica_inside_the_budget_counts_and_a_hung_one_fails_loudly ... ok
test coordinated_fulltext_search_fits_the_bulk_lane_budget_after_compaction ... ok

test result: ok. 4 passed; 0 failed; 0 ignored; 0 measured; 0 filtered out; finished in 16.23s

     Running tests/fulltext_stream_memory_bound.rs (target/debug/deps/fulltext_stream_memory_bound-618e5bb58b19e8c4)

running 5 tests
test peak_ignores_allocations_on_threads_outside_the_measured_work ... ok
test peak_survives_frees_of_pre_window_allocations ... ok
test peak_counts_the_measured_runtimes_blocking_threads ... ok
test cluster_fulltext_stream_early_drop_stops_cleanly ... ok
test cluster_fulltext_stream_peak_bounded_and_doc_size_independent ... ok

test result: ok. 5 passed; 0 failed; 0 ignored; 0 measured; 0 filtered out; finished in 3.38s

     Running tests/integration.rs (target/debug/deps/integration-62daaaefc4842fe7)

running 4 tests
test pair_elects_primary_by_host_id ... ok
test switchover_swaps_roles ... ok
test primary_write_replicates_to_secondary ... ok
test secondary_write_forwarded_to_primary ... ok

test result: ok. 4 passed; 0 failed; 0 ignored; 0 measured; 0 filtered out; finished in 0.12s

     Running tests/jepsen_tests.rs (target/debug/deps/jepsen_tests-c5b618d8c4c75a15)

running 11 tests
test jepsen::infrastructure::tests::jepsen_history_recording ... ok
test jepsen::infrastructure::tests::jepsen_nemesis_clock_skew ... ok
test jepsen::infrastructure::tests::jepsen_nemesis_slow ... ok
test jepsen::infrastructure::tests::jepsen_cql_client ... ok
test jepsen::infrastructure::tests::jepsen_nemesis_partition ... ok
test jepsen::infrastructure::tests::jepsen_nemesis_pause ... ok
test jepsen::infrastructure::tests::jepsen_cluster_provisioning ... ok
test jepsen::infrastructure::tests::jepsen_nemesis_kill ... ok
test jepsen::register::jepsen_register_with_partition ... ok
test jepsen::register::jepsen_register_linearizability ... ok
test jepsen::register::jepsen_register_with_clock_skew ... ok

test result: ok. 11 passed; 0 failed; 0 ignored; 0 measured; 0 filtered out; finished in 0.00s

     Running tests/joining_node_health.rs (target/debug/deps/joining_node_health-e6847b85fd993578)

running 11 tests
test promote_plan_is_empty_when_all_members_normal ... ok
test promote_plan_does_not_reverse_operator_intent ... ok
test promote_plan_does_not_promote_learners ... ok
test all_normal_ring_reports_healthy ... ok
test normal_members_are_grandfathered_without_records ... ok
test all_normal_ring_has_no_data_scatter_risk ... ok
test joining_member_makes_the_ring_report_non_normal ... ok
test joining_token_owner_is_detectably_misrouted ... ok
test promote_plan_emits_one_promotion_per_joining_member ... ok
test promote_plan_skips_a_joiner_without_a_bootstrap_record ... ok
test recovered_ring_with_a_stuck_joiner_is_reported_and_repairable ... ok

test result: ok. 11 passed; 0 failed; 0 ignored; 0 measured; 0 filtered out; finished in 0.00s

     Running tests/leader_snapshot_push.rs (target/debug/deps/leader_snapshot_push-0ef2dbddc46d4475)

running 1 test
test leader_pushes_snapshot_to_wiped_node ... ok

test result: ok. 1 passed; 0 failed; 0 ignored; 0 measured; 0 filtered out; finished in 3.03s

     Running tests/learner_lifecycle.rs (target/debug/deps/learner_lifecycle-8e6e1cdc27de4280)

running 4 tests
test add_learner_only_does_not_make_voter ... ok
test promote_learner_to_voter_preserves_log_position ... ok
test demote_voter_to_learner_preserves_application_state ... ok
test demote_voter_to_learner_transfers_leader_first_if_needed ... ok

test result: ok. 4 passed; 0 failed; 0 ignored; 0 measured; 0 filtered out; finished in 4.46s

     Running tests/membership_atomicity.rs (target/debug/deps/membership_atomicity-8ee9f6b5bb70b497)

running 6 tests
test approve_node_replicates_to_followers ... ok
test update_metadata_propagates_addr ... ok
test add_voter_updates_all_four_maps ... ok
test add_voter_idempotent ... ok
test remove_voter_clears_all_four_maps ... ok
test add_voter_concurrent_serializes ... ok

test result: ok. 6 passed; 0 failed; 0 ignored; 0 measured; 0 filtered out; finished in 1.66s

     Running tests/membership_data_movement.rs (target/debug/deps/membership_data_movement-c5b68bdc2dadbcae)

running 4 tests
test downgrade_to_pair_is_refused_while_raft_runs_and_no_node_is_down ... ok
test decommission_of_a_remote_host_is_refused ... ok
test a_failed_decommission_stream_leaves_the_node_committed_as_leaving ... ok
test a_restart_mid_bootstrap_does_not_promote_until_the_rerun_records_completion ... ok

test result: ok. 4 passed; 0 failed; 0 ignored; 0 measured; 0 filtered out; finished in 0.21s

     Running tests/multi_dc_formation.rs (target/debug/deps/multi_dc_formation-84f18e1b0c36ad55)

running 3 tests
test raft_log_dir_for_dc_lays_out_per_dc_subdir ... ok
test cluster_formation_defaults_unknown_peers_to_local_dc ... ok
test cluster_formation_groups_peers_by_dc_when_dc_metadata_present ... ok

test result: ok. 3 passed; 0 failed; 0 ignored; 0 measured; 0 filtered out; finished in 0.06s

     Running tests/multi_dc_membership_changer.rs (target/debug/deps/multi_dc_membership_changer-75ce552a9a8ad29a)

running 2 tests
test for_dc_default_metadata_inherits_dc_name ... ok
test membership_changer_scoped_to_dc ... ok

test result: ok. 2 passed; 0 failed; 0 ignored; 0 measured; 0 filtered out; finished in 0.38s

     Running tests/multi_dc_partition.rs (target/debug/deps/multi_dc_partition-a45d6374cc176833)

running 1 test
test dc_partition_does_not_cause_global_outage ... ok

test result: ok. 1 passed; 0 failed; 0 ignored; 0 measured; 0 filtered out; finished in 0.26s

     Running tests/multi_dc_raft_groups.rs (target/debug/deps/multi_dc_raft_groups-316b529d166551d9)

running 2 tests
test controller_raft_shim_works_for_single_dc ... ok
test controller_holds_one_raft_per_dc ... ok

test result: ok. 2 passed; 0 failed; 0 ignored; 0 measured; 0 filtered out; finished in 0.26s

     Running tests/nts_integration.rs (target/debug/deps/nts_integration-80d4da18fbb4ddc3)

running 6 tests
test end_to_end_local_quorum_block_for ... ok
test end_to_end_each_quorum_block_for_all_dcs ... ok
test end_to_end_nts_strategy_parsing ... ok
test end_to_end_replicas_for_strategy_dispatch ... ok
test end_to_end_nts_replica_selection ... ok
test end_to_end_nts_multiple_query_tokens ... ok

test result: ok. 6 passed; 0 failed; 0 ignored; 0 measured; 0 filtered out; finished in 0.00s

     Running tests/pair_downgrade_fence.rs (target/debug/deps/pair_downgrade_fence-2339b8c9f2103781)

running 4 tests
test a_downgrade_the_peer_does_not_confirm_changes_nothing ... ok
test a_downgrade_whose_downed_members_hold_a_majority_is_refused ... ok
test a_restarted_pair_node_stays_out_of_raft_and_refuses_former_members ... ok
test a_returning_member_cannot_form_a_majority_beside_the_pair ... ok

test result: ok. 4 passed; 0 failed; 0 ignored; 0 measured; 0 filtered out; finished in 5.33s

     Running tests/raft_election_storm.rs (target/debug/deps/raft_election_storm-4448e888bdd5d9df)

running 4 tests
test ferrosa_partitioned_node_does_not_advance_term ... ok
test election_storm_does_not_occur_on_log_divergence ... ok
test election_storm_guard_fires_at_production_cadence ... ok
test election_storm_recovery_metric_increments ... ok

test result: ok. 4 passed; 0 failed; 0 ignored; 0 measured; 0 filtered out; finished in 5.33s

     Running tests/raft_harness_pinning.rs (target/debug/deps/raft_harness_pinning-4036c034ceeaec8f)

running 3 tests
test the_pinned_leader_node_is_the_leader_itself ... ok
test without_pinning_a_silenced_leader_is_replaced ... ok
test pinned_leadership_survives_a_silenced_leader ... ok

test result: ok. 3 passed; 0 failed; 0 ignored; 0 measured; 0 filtered out; finished in 4.69s

     Running tests/raft_harness_smoke.rs (target/debug/deps/raft_harness_smoke-10f5b1e6dd28cbb5)

running 1 test
test harness_3_node_cluster_elects_leader_and_commits ... ok

test result: ok. 1 passed; 0 failed; 0 ignored; 0 measured; 0 filtered out; finished in 0.12s

     Running tests/range_scan_multi_replica_paging.rs (target/debug/deps/range_scan_multi_replica_paging-31dbc72e5b3d1880)

running 8 tests
test multi_replica_wide_partition_paged_scan_terminates_exactly ... ok
test multi_replica_paged_projected_scan_cancels_abandoned_producers ... ok
test quorum_scan_refuses_instead_of_serving_a_partial_fanout ... ok
test multi_replica_many_small_partitions_paged_scan_completes ... ok
test quorum_scan_reads_from_a_live_replica_when_the_first_is_down ... ok
test multi_replica_disjoint_data_many_windows_scan_unions_completely ... ok
test multi_replica_many_windows_per_page_scan_is_not_silently_truncated ... ok
test multi_replica_paged_projected_scan_returns_all_rows_across_pages ... ok

test result: ok. 8 passed; 0 failed; 0 ignored; 0 measured; 0 filtered out; finished in 34.54s

     Running tests/range_scan_streaming_memory_bound.rs (target/debug/deps/range_scan_streaming_memory_bound-d0fa49d4fdc8c574)

running 1 test
test cluster_full_scan_peak_is_independent_of_partition_count ... ok

test result: ok. 1 passed; 0 failed; 0 ignored; 0 measured; 0 filtered out; finished in 0.24s

     Running tests/reorder_buffer_drain_budget.rs (target/debug/deps/reorder_buffer_drain_budget-cd31617cca46fa9e)

running 3 tests
test reorder_buffer_drain_allocation_budget_does_not_grow_with_message_count ... ok
test reorder_buffer_same_key_drain_allocation_budget_is_bounded ... ok
test reorder_buffer_drain_cost_is_linear_in_message_count ... ok

test result: ok. 3 passed; 0 failed; 0 ignored; 0 measured; 0 filtered out; finished in 0.06s

     Running tests/repair_fuzz.rs (target/debug/deps/repair_fuzz-46e6b8ed313e9ac5)

running 2 tests
test quarantined_partitions_recovered_from_healthy_replica ... ok
test divergent_replicas_converge_and_repair_is_idempotent ... ok

test result: ok. 2 passed; 0 failed; 0 ignored; 0 measured; 0 filtered out; finished in 12.35s

     Running tests/replica_scan_serialization_memory_bound.rs (target/debug/deps/replica_scan_serialization_memory_bound-5089e29c4ef28c19)

running 4 tests
test streaming_request_has_no_capacity_cap_field ... ok
test streaming_producer_peak_is_bounded_independent_of_result_size ... ok
test coordinator_consumer_peak_is_bounded_independent_of_result_size ... ok
test slow_consumer_backpressures_producer_not_unbounded_buffer ... ok

test result: ok. 4 passed; 0 failed; 0 ignored; 0 measured; 0 filtered out; finished in 7.90s

     Running tests/replicated_create_index.rs (target/debug/deps/replicated_create_index-1a0e75b20bf65c5f)

running 1 test
test replicated_create_index_builds_on_receiving_node ... ok

test result: ok. 1 passed; 0 failed; 0 ignored; 0 measured; 0 filtered out; finished in 0.38s

     Running tests/replicated_jsonb_index_live.rs (target/debug/deps/replicated_jsonb_index_live-4a0a1077ffaaa73f)

running 0 tests

test result: ok. 0 passed; 0 failed; 0 ignored; 0 measured; 0 filtered out; finished in 0.00s

     Running tests/system_table_persistence.rs (target/debug/deps/system_table_persistence-b60daf7f56c8280d)

running 2 tests
test system_table_survives_restart ... ok
test multiple_ddl_operations_survive_restart ... ok

test result: ok. 2 passed; 0 failed; 0 ignored; 0 measured; 0 filtered out; finished in 0.15s

     Running tests/system_table_writer.rs (target/debug/deps/system_table_writer-ae0f5bf49e880bce)

running 6 tests
test bootstrap_empty_sstables_uses_raft ... ok
test writer_persists_keyspace_creation ... ok
test writer_persists_role_creation ... ok
test writer_persists_table_creation ... ok
test load_keyspaces_from_engine ... ok
test bootstrap_system_tables_registers_and_validates ... ok

test result: ok. 6 passed; 0 failed; 0 ignored; 0 measured; 0 filtered out; finished in 0.06s

     Running unittests src/lib.rs (target/debug/deps/ferrosa_common-277d875198129e32)

running 210 tests
test accord::tests::ballot_accepted_and_promised_are_distinct_types ... ok
test accord::tests::ballot_zero_is_initial ... ok
test accord::tests::ballot_nack_returns_promised ... ok
test accord::tests::hlc_merge_advances_past_remote ... ok
test accord::tests::ballot_accepted_ord ... ok
test accord::tests::hlc_witness_advances_past_remote_and_stays_monotonic ... ok
test accord::tests::timestamp_bump_past_preserves_epoch ... ok
test accord::tests::ballot_promised_ord ... ok
test accord::tests::ballot_number_monotonic_generation ... ok
test accord::tests::hlc_witness_beyond_drift_still_returns_local_stamp ... ok
test accord::tests::hlc_seq_increments_within_same_ns ... ok
test accord::tests::timestamp_eq_requires_all_fields ... ok
test accord::tests::timestamp_bump_past_strictly_greater ... ok
test accord::tests::timestamp_new_seq_zero ... ok
test accord::tests::timestamp_total_order_all_fields ... ok
test accord::tests::timestamp_derive_hash_consistent_with_eq ... ok
test accord::tests::timestamp_uniqueness_same_nanosecond ... ok
test accord::tests::txnstate_accept_updates_both ... ok
test accord::tests::txnstate_accepted_leq_promised ... ok
test accord::tests::txnstate_default_ballots_are_zero ... ok
test accord::tests::txnstate_deps_filter_accept_uses_t ... ok
test accord::tests::txnstate_deps_filter_preaccept_uses_t0 ... ok
test accord::tests::txnstate_deps_union_on_preaccept ... ok
test accord::tests::txnstate_join_ballot_updates_promised_only ... ok
test accord::tests::hlc_wall_clock_regression_detected ... ok
test accord::tests::hlc_monotonic_forward ... ok
test accord::tests::txnstate_phase_mutual_exclusion ... ok
test accord::tests::txnstate_phase_ordering ... ok
test cancel::tests::cancelled_at_is_close_to_the_cancel_call ... ok
test cancel::tests::clone_shares_state ... ok
test cancel::tests::cancel_is_idempotent_and_does_not_panic_when_repeated ... ok
test cancel::tests::first_reason_sticks ... ok
test cancel::tests::cancel_sets_flag_and_reason ... ok
test cancel::tests::reason_label_round_trips_through_display ... ok
test cancel::tests::starts_uncancelled ... ok
test cell::tests::expiring_cell ... ok
test cell::tests::no_timestamp_sentinel ... ok
test cell::tests::tombstone ... ok
test cell::tests::live_cell ... ok
test cell_ts::tests::a_legacy_nanosecond_stamp_normalises_to_microseconds ... ok
test cancel::tests::closed_disconnects_every_receiver_and_late_clone ... ok
test cell_ts::tests::a_microsecond_stamp_is_unchanged ... ok
test cell_ts::tests::bounds_of_a_microsecond_only_file_are_unchanged ... ok
test cell_ts::tests::bounds_of_a_mixed_file_widen_to_cover_every_normalised_cell ... ok
test cell_ts::tests::bounds_of_a_nanosecond_only_file_normalise_exactly ... ok
test cell_ts::tests::normalising_is_idempotent_and_monotone ... ok
test cell_ts::tests::sentinels_are_unchanged ... ok
test cell_ts::tests::the_counter_ignores_zero_and_accumulates ... ok
test cluster_join::tests::a_briefly_absent_member_catches_up_through_the_raft_log ... ok
test cluster_join::tests::a_clean_member_asking_a_healthy_peer_rejoins_without_serving ... ok
test cluster_join::tests::a_clean_node_the_cluster_still_owns_rejoins_and_streams ... ok
test cluster_join::tests::a_decommission_is_reported_even_though_the_node_is_also_absent ... ok
test cluster_join::tests::a_decommissioned_node_refuses_to_rejoin_and_says_why ... ok
test cluster_join::tests::a_member_behind_the_purge_point_must_stream ... ok
test cluster_join::tests::a_node_awaiting_its_token_assignment_cannot_serve ... ok
test cluster_join::tests::a_peer_without_quorum_asserts_nothing ... ok
test cluster_join::tests::a_peer_without_quorum_is_never_treated_as_an_answer ... ok
test cluster_join::tests::an_unknown_node_forms_standalone_and_may_serve ... ok
test cluster_join::tests::an_unknown_node_is_told_it_is_not_a_member ... ok
test cluster_join::tests::degraded_means_the_cluster_lacks_quorum_without_the_asker ... ok
test cluster_join::tests::only_a_standalone_node_may_serve_before_rejoining ... ok
test cluster_join::tests::the_membership_answer_never_states_token_ownership ... ok
test cluster_join::tests::the_purge_boundary_is_inclusive ... ok
test complex_cell::accord_list_path_tests::accord_list_path_is_v1_timeuuid_and_seq_round_trips ... ok
test complex_cell::accord_list_path_tests::list_path_element_seq_rejects_non_16_byte ... ok
test complex_cell::accord_list_path_tests::distinct_coordinates_give_distinct_paths ... ok
test complex_cell::tests::add_then_materialize ... ok
test complex_cell::tests::collection_deletion_shadows_earlier_elements ... ok
test complex_cell::tests::add_wins_over_earlier_remove ... ok
test complex_cell::tests::counter_empty_is_zero ... ok
test complex_cell::tests::counter_ignores_stale_clock_idempotent ... ok
test complex_cell::tests::counter_merge_keeps_higher_clock_per_node ... ok
test complex_cell::tests::counter_sums_across_nodes ... ok
test complex_cell::tests::element_after_collection_deletion_survives ... ok
test complex_cell::tests::empty_column_has_no_elements ... ok
test complex_cell::tests::lww_higher_timestamp_wins_per_path ... ok
test complex_cell::tests::materialized_order_is_cell_path_order ... ok
test complex_cell::tests::overwrite_semantics_delete_at_ts_minus_one ... ok
test complex_cell::tests::merge_is_commutative_associative_idempotent_small ... ok
test complex_cell::tests::tombstone_wins_equal_timestamp_tie ... ok
test cql_type::names::tests::jsonb_marshal_class_is_the_poc_alias ... ok
test cql_type::names::tests::lookup_is_exact_and_ci_variant_folds_case ... ok
test cql_type::names::tests::nesting_rules_d21 ... ok
test cql_type::names::tests::non_scalars_have_no_scalar_entry ... ok
test cql_type::names::tests::type_names_jsonb_and_poc_alias ... ok
test cql_type::names::tests::scalar_names_are_unique ... ok
test cql_type::names::tests::type_names_round_trip_every_scalar ... ok
test cql_type::tests::cql_type_existing_variants_preserved ... ok
test cql_type::tests::cql_type_udt_stores_fields ... ok
test cql_type::tests::cql_type_udt_type_id ... ok
test cql_type::tests::cql_value_udt_ordering ... ok
test cql_type::tests::cql_value_udt_stores_named_fields ... ok
test cql_type::tests::cqltype_jsonb_type_id_is_custom ... ok
test accord::tests::hlc_advances_with_wall_clock ... ok
test cql_type::tests::cqlvalue_jsonb_orders_between_variants_by_discriminant ... ok
test cql_type::tests::jsonb_canonical_text_prints_the_document ... ok
test cql_type::tests::cqlvalue_jsonb_ord_eq_hash_delegate_to_jsonb_value ... ok
test cql_type::tests::cqlvalue_cmp_has_no_equal_wildcard ... ok
test data_type::tests::data_type_display ... ok
test cql_type::tests::cqlvalue_cmp_jsonb_is_not_always_equal ... ok
test deployment_mode::tests::a_cluster_never_degrades_into_a_pair ... ok
test data_type::tests::data_type_is_numeric ... ok
test deployment_mode::tests::a_degraded_cluster_never_becomes_a_pair_or_standalone ... ok
test cql_type::tests::no_wildcard_default_for_new_variant ... ok
test deployment_mode::tests::a_node_with_no_history_still_starts_standalone ... ok
test deployment_mode::tests::a_returning_cluster_member_never_restarts_as_a_pair ... ok
test deployment_mode::tests::a_returning_member_with_one_peer_stays_a_cluster ... ok
test deployment_mode::tests::all_modes_display_correctly ... ok
test deployment_mode::tests::all_modes_serialize_deserialize ... ok
test deployment_mode::tests::cluster_cannot_go_to_pair ... ok
test deployment_mode::tests::cluster_to_degraded_cluster ... ok
test deployment_mode::tests::degraded_cluster_cannot_go_to_pair ... ok
test deployment_mode::tests::degraded_cluster_recovers_to_cluster ... ok
test deployment_mode::tests::degraded_cluster_state_exists ... ok
test deployment_mode::tests::degraded_pair_demotes_to_standalone ... ok
test deployment_mode::tests::degraded_pair_recovers_to_pair ... ok
test deployment_mode::tests::degraded_pair_state_exists ... ok
test deployment_mode::tests::forming_cannot_go_to_standalone ... ok
test deployment_mode::tests::a_partial_write_is_not_a_marker ... ok
test deployment_mode::tests::forming_falls_back_to_pair ... ok
test deployment_mode::tests::forming_state_exists ... ok
test deployment_mode::tests::forming_to_cluster_transition ... ok
test deployment_mode::tests::an_unreadable_marker_is_treated_as_membership ... ok
test deployment_mode::tests::from_peer_count ... ok
test deployment_mode::tests::next_mode_degrades_a_cluster_instead_of_pairing_it ... ok
test deployment_mode::tests::next_mode_leaves_the_pre_cluster_shapes_alone ... ok
test deployment_mode::tests::next_mode_never_proposes_an_illegal_transition ... ok
test deployment_mode::tests::pair_to_degraded_pair ... ok
test deployment_mode::tests::pair_to_forming_transition ... ok
test deployment_mode::tests::peer_count_alone_cannot_decide_the_mode ... ok
test deployment_mode::tests::transitions_are_one_way ... ok
test error::tests::checksum_mismatch_display ... ok
test error::tests::error_is_send_and_sync ... ok
test error::tests::io_error_conversion ... ok
test error::tests::overloaded_is_typed_backpressure ... ok
test geometry::tests::antimeridian_polygon_is_rejected_loudly ... ok
test geometry::tests::empty_buffer_is_rejected ... ok
test geometry::tests::degenerate_ring_is_rejected ... ok
test geometry::tests::linestring_type_is_rejected_loudly ... ok
test deployment_mode::tests::membership_is_remembered_across_a_restart ... ok
test geometry::tests::multi_ring_polygon_is_rejected_loudly ... ok
test geometry::tests::normal_polygon_does_not_cross_antimeridian ... ok
test geometry::tests::parses_big_endian_point ... ok
test geometry::tests::point_never_crosses_antimeridian ... ok
test geometry::tests::point_round_trips ... ok
test geometry::tests::point_wkb_is_21_bytes_le ... ok
test deployment_mode::tests::recording_membership_is_idempotent ... ok
test geometry::tests::polygon_marshals_explicitly_closed ... ok
test geometry::tests::polygon_open_and_closed_input_are_equal ... ok
test geometry::tests::polygon_round_trips ... ok
test geometry::tests::trailing_bytes_are_rejected ... ok
test geometry::tests::truncated_point_is_rejected ... ok
test geometry::tests::unknown_byte_order_is_rejected ... ok
test geometry::tests::unsupported_geometry_type_is_rejected_loudly ... ok
test key::tests::decorated_key_computes_token ... ok
test key::tests::decorated_key_filter_hash_matches_token ... ok
test key::tests::decorated_key_ordering_by_token ... ok
test key::tests::decorated_key_same_token_breaks_tie_by_key ... ok
test key::tests::partition_key_empty ... ok
test key::tests::partition_key_from_bytes ... ok
test mem_probe::tests::recording_moves_live_and_peak_only_when_installed ... ok
test mem_probe::tests::reset_peak_lowers_the_high_water_to_the_current_live_value ... ok
test murmur3::tests::block_plus_tail ... ok
test murmur3::tests::cassandra_characterization_vectors ... ok
test murmur3::tests::deterministic ... ok
test murmur3::tests::different_inputs_differ ... ok
test murmur3::tests::different_seeds_differ ... ok
test murmur3::tests::empty_input_returns_zero ... ok
test murmur3::tests::single_block_16_bytes ... ok
test schema::tests::a_non_vector_type_has_no_vector_dimension ... ok
test schema::tests::a_vector_dimension_is_read_from_either_spelling_of_the_type ... ok
test schema::tests::clustering_types_returns_type_names ... ok
test schema::tests::column_definition_stores_name_and_type ... ok
test schema::tests::column_index_finds_regular_columns ... ok
test schema::tests::column_index_no_static_columns ... ok
test schema::tests::fixed_width_known_types ... ok
test schema::tests::fixed_width_variable_types_return_none ... ok
test schema::tests::gc_grace_is_absent_valid_or_an_error_never_a_silent_default ... ok
test schema::tests::no_warning_when_storage_columns_are_cassandra_name_ordered ... ok
test schema::tests::table_schema_construction ... ok
test schema::tests::validate_accepts_correct_widths ... ok
test schema::tests::validate_clustering_accepts_16_bytes_in_timeuuid_column ... ok
test schema::tests::validate_clustering_empty_with_columns_rejected ... ok
test schema::tests::validate_clustering_multi_column_composite_ok ... ok
test schema::tests::validate_clustering_no_columns_accepts_anything ... ok
test schema::tests::validate_clustering_rejects_8_bytes_in_timeuuid_column ... ok
test schema::tests::validate_empty_bytes_always_ok ... ok
test schema::tests::validate_passes_through_variable_width_types ... ok
test schema::tests::validate_rejects_8_byte_value_in_timeuuid_column ... ok
test schema::tests::warns_when_storage_columns_are_not_cassandra_name_ordered ... ok
test timeuuid::tests::later_time_sorts_later_as_bytes ... ok
test timeuuid::tests::minting_is_deterministic ... ok
test timeuuid::tests::each_input_changes_the_output ... ok
test timeuuid::tests::the_bytes_carry_v1_version_and_rfc4122_variant ... ok
test timeuuid::tests::the_node_field_uses_all_48_bits ... ok
test timeuuid::tests::the_reserved_prefix_is_recognised_case_insensitively ... ok
test timeuuid::tests::the_synthetic_key_column_is_recognised_case_insensitively ... ok
test timeuuid::tests::the_time_field_round_trips_through_the_encoding ... ok
test token::tests::from_empty_key ... ok
test token::tests::from_key_deterministic ... ok
test token::tests::from_key_different_keys_differ ... ok
test token::tests::min_and_max ... ok
test token::tests::ordering_matches_i64 ... ok
test complex_cell::tests::prop_counter_replication_converges ... ok
test accord::tests::hlc_merge_rejects_excessive_drift ... ok
test cancel::tests::closed_wakes_a_blocked_select_without_polling ... ok
test complex_cell::tests::prop_merge_matches_single_replica ... ok
test complex_cell::tests::prop_single_replica_order_independent ... ok
test complex_cell::tests::prop_merge_commutative_idempotent ... ok
test complex_cell::tests::prop_merge_associative ... ok

test result: ok. 210 passed; 0 failed; 0 ignored; 0 measured; 0 filtered out; finished in 0.04s

     Running tests/property_tests.rs (target/debug/deps/property_tests-1ce8f8b96e09ad10)

running 4 tests
test token_from_key_deterministic ... ok
test filter_hash_h1_equals_token ... ok
test murmur3_deterministic ... ok
test decorated_key_ordering_consistent ... ok

test result: ok. 4 passed; 0 failed; 0 ignored; 0 measured; 0 filtered out; finished in 0.02s

     Running unittests src/lib.rs (target/debug/deps/ferrosa_cql-78ed2827a0a6b05e)
